time=2026-09-02T22:51:06.675+03:30 level=INFO msg="worker pool started" workers=2 interval=2m0s
time=2026-09-02T22:51:06.675+03:30 level=INFO msg="worker started" worker=1
time=2026-09-02T22:51:06.675+03:30 level=INFO msg="worker started" worker=2
time=2026-09-02T22:51:06.675+03:30 level=INFO msg="pod manager is running" addr=:8080
time=2026-09-02T22:51:06.689+03:30 level=INFO msg="starting http server" addr=:8080
time=2026-09-02T22:51:18.421+03:30 level=INFO msg=request method=GET path=/healthz status=200 duration=81.042µs
time=2026-09-02T22:51:37.081+03:30 level=INFO msg=request method=POST path=/api/v1/pods status=201 duration=10.740541ms
time=2026-09-02T22:51:37.085+03:30 level=INFO msg="checked pod" worker=1 pod=nginx-1 phase=Pending ready=0/0 error=""
time=2026-09-02T22:51:45.107+03:30 level=INFO msg=request method=GET path=/api/v1/pods/nginx-1/status status=200 duration=168.583µs
time=2026-09-02T22:52:14.963+03:30 level=INFO msg=request method=GET path=/api/v1/pods/nginx-1/status status=200 duration=39.041µs
time=2026-09-02T22:52:14.973+03:30 level=INFO msg=request method=GET path=/api/v1/pods status=200 duration=79.875µs
time=2026-09-02T22:52:14.983+03:30 level=INFO msg=request method=POST path=/api/v1/pods status=409 duration=76.709µs
time=2026-09-02T22:52:14.992+03:30 level=INFO msg=request method=GET path=/api/v1/pods/nope/status status=404 duration=22.25µs
time=2026-09-02T22:52:15.000+03:30 level=INFO msg=request method=POST path=/api/v1/pods status=400 duration=42.083µs
time=2026-09-02T22:53:06.675+03:30 level=INFO msg="queued all pods for status check" worker=2 count=1
time=2026-09-02T22:53:06.682+03:30 level=INFO msg="checked pod" worker=1 pod=nginx-1 phase=Running ready=1/1 error=""
time=2026-09-02T22:54:14.769+03:30 level=INFO msg=request method=GET path=/api/v1/pods/nginx-1/status status=200 duration=44.125µs
time=2026-09-02T22:55:06.675+03:30 level=INFO msg="queued all pods for status check" worker=2 count=1
time=2026-09-02T22:55:06.689+03:30 level=INFO msg="checked pod" worker=1 pod=nginx-1 phase=Running ready=1/1 error=""
time=2026-09-02T22:57:06.673+03:30 level=INFO msg="queued all pods for status check" worker=2 count=1
time=2026-09-02T22:57:06.695+03:30 level=INFO msg="checked pod" worker=1 pod=nginx-1 phase=Running ready=1/1 error=""
time=2026-09-02T22:59:06.685+03:30 level=INFO msg="queued all pods for status check" worker=2 count=1
time=2026-09-02T22:59:06.706+03:30 level=INFO msg="checked pod" worker=1 pod=nginx-1 phase=Running ready=1/1 error=""
time=2026-09-02T23:01:06.687+03:30 level=INFO msg="queued all pods for status check" worker=2 count=1
time=2026-09-02T23:01:06.706+03:30 level=INFO msg="checked pod" worker=1 pod=nginx-1 phase=Running ready=1/1 error=""
time=2026-09-02T23:18:32.095+03:30 level=INFO msg="queued all pods for status check" worker=2 count=1
time=2026-09-02T23:18:32.120+03:30 level=INFO msg="checked pod" worker=1 pod=nginx-1 phase=Running ready=1/1 error=""
time=2026-09-02T23:35:56.907+03:30 level=INFO msg="queued all pods for status check" worker=2 count=1
time=2026-09-02T23:35:56.931+03:30 level=INFO msg="checked pod" worker=1 pod=nginx-1 phase=Running ready=1/1 error=""
time=2026-09-02T23:37:56.907+03:30 level=INFO msg="queued all pods for status check" worker=2 count=1
time=2026-09-02T23:37:56.926+03:30 level=INFO msg="checked pod" worker=1 pod=nginx-1 phase=Running ready=1/1 error=""
time=2026-09-02T23:39:56.907+03:30 level=INFO msg="queued all pods for status check" worker=2 count=1
time=2026-09-02T23:39:56.928+03:30 level=INFO msg="checked pod" worker=1 pod=nginx-1 phase=Running ready=1/1 error=""
time=2026-09-03T00:13:11.455+03:30 level=INFO msg="queued all pods for status check" worker=2 count=1
time=2026-09-03T00:13:11.470+03:30 level=INFO msg="checked pod" worker=1 pod=nginx-1 phase=Running ready=1/1 error=""
time=2026-09-03T00:46:01.303+03:30 level=INFO msg="queued all pods for status check" worker=2 count=1
time=2026-09-03T00:46:01.324+03:30 level=INFO msg="checked pod" worker=1 pod=nginx-1 phase=Running ready=1/1 error=""
time=2026-09-03T01:02:12.815+03:30 level=INFO msg="queued all pods for status check" worker=2 count=1
time=2026-09-03T01:02:12.837+03:30 level=INFO msg="checked pod" worker=1 pod=nginx-1 phase=Running ready=1/1 error=""
time=2026-09-03T01:39:32.721+03:30 level=INFO msg="queued all pods for status check" worker=2 count=1
time=2026-09-03T01:39:32.752+03:30 level=INFO msg="checked pod" worker=1 pod=nginx-1 phase=Running ready=1/1 error=""
time=2026-09-03T02:12:22.317+03:30 level=INFO msg="queued all pods for status check" worker=2 count=1
time=2026-09-03T02:12:22.336+03:30 level=INFO msg="checked pod" worker=1 pod=nginx-1 phase=Running ready=1/1 error=""
time=2026-09-03T02:14:35.568+03:30 level=INFO msg="queued all pods for status check" worker=2 count=1
time=2026-09-03T02:14:35.587+03:30 level=INFO msg="checked pod" worker=1 pod=nginx-1 phase=Running ready=1/1 error=""
time=2026-09-03T02:16:45.817+03:30 level=INFO msg="queued all pods for status check" worker=2 count=1
time=2026-09-03T02:16:45.836+03:30 level=INFO msg="checked pod" worker=1 pod=nginx-1 phase=Running ready=1/1 error=""
time=2026-09-03T02:18:59.961+03:30 level=INFO msg="queued all pods for status check" worker=2 count=1
time=2026-09-03T02:18:59.980+03:30 level=INFO msg="checked pod" worker=1 pod=nginx-1 phase=Running ready=1/1 error=""
time=2026-09-03T02:36:40.191+03:30 level=INFO msg="queued all pods for status check" worker=2 count=1
time=2026-09-03T02:36:40.212+03:30 level=INFO msg="checked pod" worker=1 pod=nginx-1 phase=Running ready=1/1 error=""
time=2026-09-03T02:38:53.915+03:30 level=INFO msg="queued all pods for status check" worker=2 count=1
time=2026-09-03T02:38:53.934+03:30 level=INFO msg="checked pod" worker=1 pod=nginx-1 phase=Running ready=1/1 error=""
time=2026-09-03T03:13:08.428+03:30 level=INFO msg="queued all pods for status check" worker=2 count=1
time=2026-09-03T03:13:08.452+03:30 level=INFO msg="checked pod" worker=1 pod=nginx-1 phase=Running ready=1/1 error=""
time=2026-09-03T03:30:07.347+03:30 level=INFO msg="queued all pods for status check" worker=2 count=1
time=2026-09-03T03:30:07.369+03:30 level=INFO msg="checked pod" worker=1 pod=nginx-1 phase=Running ready=1/1 error=""
time=2026-09-03T04:07:21.891+03:30 level=INFO msg="queued all pods for status check" worker=2 count=1
time=2026-09-03T04:07:21.912+03:30 level=INFO msg="checked pod" worker=1 pod=nginx-1 phase=Running ready=1/1 error=""
time=2026-09-03T04:25:06.761+03:30 level=INFO msg="queued all pods for status check" worker=2 count=1
time=2026-09-03T04:25:06.777+03:30 level=INFO msg="checked pod" worker=1 pod=nginx-1 phase=Running ready=1/1 error=""
time=2026-09-03T04:57:51.835+03:30 level=INFO msg="queued all pods for status check" worker=2 count=1
time=2026-09-03T04:57:51.857+03:30 level=INFO msg="checked pod" worker=1 pod=nginx-1 phase=Running ready=1/1 error=""
time=2026-09-03T05:32:47.519+03:30 level=INFO msg="queued all pods for status check" worker=2 count=1
time=2026-09-03T05:32:47.540+03:30 level=INFO msg="checked pod" worker=1 pod=nginx-1 phase=Running ready=1/1 error=""
time=2026-09-03T06:05:13.262+03:30 level=INFO msg="queued all pods for status check" worker=2 count=1
time=2026-09-03T06:05:13.283+03:30 level=INFO msg="checked pod" worker=1 pod=nginx-1 phase=Running ready=1/1 error=""
time=2026-09-03T06:22:33.906+03:30 level=INFO msg="queued all pods for status check" worker=2 count=1
time=2026-09-03T06:22:33.927+03:30 level=INFO msg="checked pod" worker=1 pod=nginx-1 phase=Running ready=1/1 error=""
time=2026-09-03T06:40:10.817+03:30 level=INFO msg="queued all pods for status check" worker=2 count=1
time=2026-09-03T06:40:10.839+03:30 level=INFO msg="checked pod" worker=1 pod=nginx-1 phase=Running ready=1/1 error=""
time=2026-09-03T06:57:19.028+03:30 level=INFO msg="queued all pods for status check" worker=2 count=1
time=2026-09-03T06:57:19.048+03:30 level=INFO msg="checked pod" worker=1 pod=nginx-1 phase=Running ready=1/1 error=""
time=2026-09-03T07:19:42.729+03:30 level=INFO msg="queued all pods for status check" worker=2 count=1
time=2026-09-03T07:19:42.745+03:30 level=INFO msg="checked pod" worker=1 pod=nginx-1 phase=Running ready=1/1 error=""
time=2026-09-03T07:30:17.020+03:30 level=INFO msg="queued all pods for status check" worker=2 count=1
time=2026-09-03T07:30:17.040+03:30 level=INFO msg="checked pod" worker=1 pod=nginx-1 phase=Running ready=1/1 error=""
time=2026-09-03T07:32:17.018+03:30 level=INFO msg="queued all pods for status check" worker=2 count=1
time=2026-09-03T07:32:17.038+03:30 level=INFO msg="checked pod" worker=1 pod=nginx-1 phase=Running ready=1/1 error=""
time=2026-09-03T07:49:41.937+03:30 level=INFO msg="queued all pods for status check" worker=2 count=1
time=2026-09-03T07:49:42.023+03:30 level=INFO msg="checked pod" worker=1 pod=nginx-1 phase=Running ready=1/1 error=""
time=2026-09-03T08:14:35.762+03:30 level=INFO msg="queued all pods for status check" worker=2 count=1
time=2026-09-03T08:14:35.782+03:30 level=INFO msg="checked pod" worker=1 pod=nginx-1 phase=Running ready=1/1 error=""
time=2026-09-03T08:30:51.727+03:30 level=INFO msg="queued all pods for status check" worker=2 count=1
time=2026-09-03T08:30:51.743+03:30 level=INFO msg="checked pod" worker=1 pod=nginx-1 phase=Running ready=1/1 error=""
time=2026-09-03T08:59:51.174+03:30 level=INFO msg="queued all pods for status check" worker=2 count=1
time=2026-09-03T08:59:51.194+03:30 level=INFO msg="checked pod" worker=1 pod=nginx-1 phase=Running ready=1/1 error=""
time=2026-09-03T09:18:27.783+03:30 level=INFO msg="queued all pods for status check" worker=2 count=1
time=2026-09-03T09:18:27.801+03:30 level=INFO msg="checked pod" worker=1 pod=nginx-1 phase=Running ready=1/1 error=""
time=2026-09-03T09:35:52.599+03:30 level=INFO msg="queued all pods for status check" worker=2 count=1
time=2026-09-03T09:35:52.618+03:30 level=INFO msg="checked pod" worker=1 pod=nginx-1 phase=Running ready=1/1 error=""
time=2026-09-03T10:00:47.621+03:30 level=INFO msg="queued all pods for status check" worker=2 count=1
time=2026-09-03T10:00:47.642+03:30 level=INFO msg="checked pod" worker=1 pod=nginx-1 phase=Running ready=1/1 error=""
time=2026-09-03T10:09:40.653+03:30 level=INFO msg="queued all pods for status check" worker=2 count=1
time=2026-09-03T10:09:40.673+03:30 level=INFO msg="checked pod" worker=1 pod=nginx-1 phase=Running ready=1/1 error=""
time=2026-09-03T10:11:40.655+03:30 level=INFO msg="queued all pods for status check" worker=2 count=1
time=2026-09-03T10:11:40.675+03:30 level=INFO msg="checked pod" worker=1 pod=nginx-1 phase=Running ready=1/1 error=""
time=2026-09-03T10:13:40.657+03:30 level=INFO msg="queued all pods for status check" worker=2 count=1
time=2026-09-03T10:13:40.672+03:30 level=INFO msg="checked pod" worker=1 pod=nginx-1 phase=Running ready=1/1 error=""
time=2026-09-03T10:15:40.659+03:30 level=INFO msg="queued all pods for status check" worker=2 count=1
time=2026-09-03T10:15:40.673+03:30 level=INFO msg="checked pod" worker=1 pod=nginx-1 phase=Running ready=1/1 error=""
time=2026-09-03T10:17:40.663+03:30 level=INFO msg="queued all pods for status check" worker=2 count=1
time=2026-09-03T10:17:40.680+03:30 level=INFO msg="checked pod" worker=1 pod=nginx-1 phase=Running ready=1/1 error=""
time=2026-09-03T10:19:40.665+03:30 level=INFO msg="queued all pods for status check" worker=2 count=1
time=2026-09-03T10:19:40.679+03:30 level=INFO msg="checked pod" worker=1 pod=nginx-1 phase=Running ready=1/1 error=""
time=2026-09-03T10:21:40.667+03:30 level=INFO msg="queued all pods for status check" worker=2 count=1
time=2026-09-03T10:21:40.683+03:30 level=INFO msg="checked pod" worker=1 pod=nginx-1 phase=Running ready=1/1 error=""
time=2026-09-03T10:23:40.668+03:30 level=INFO msg="queued all pods for status check" worker=2 count=1
time=2026-09-03T10:23:40.682+03:30 level=INFO msg="checked pod" worker=1 pod=nginx-1 phase=Running ready=1/1 error=""
time=2026-09-03T10:25:40.659+03:30 level=INFO msg="queued all pods for status check" worker=2 count=1
time=2026-09-03T10:25:40.671+03:30 level=INFO msg="checked pod" worker=1 pod=nginx-1 phase=Running ready=1/1 error=""
time=2026-09-03T10:27:40.662+03:30 level=INFO msg="queued all pods for status check" worker=2 count=1
time=2026-09-03T10:27:40.675+03:30 level=INFO msg="checked pod" worker=1 pod=nginx-1 phase=Running ready=1/1 error=""
time=2026-09-03T10:29:40.664+03:30 level=INFO msg="queued all pods for status check" worker=2 count=1
time=2026-09-03T10:29:40.677+03:30 level=INFO msg="checked pod" worker=1 pod=nginx-1 phase=Running ready=1/1 error=""
time=2026-09-03T10:31:40.666+03:30 level=INFO msg="queued all pods for status check" worker=2 count=1
time=2026-09-03T10:31:40.700+03:30 level=INFO msg="checked pod" worker=1 pod=nginx-1 phase=Running ready=1/1 error=""
time=2026-09-03T10:33:40.668+03:30 level=INFO msg="queued all pods for status check" worker=2 count=1
time=2026-09-03T10:33:40.695+03:30 level=INFO msg="checked pod" worker=1 pod=nginx-1 phase=Running ready=1/1 error=""
time=2026-09-03T10:35:40.670+03:30 level=INFO msg="queued all pods for status check" worker=2 count=1
time=2026-09-03T10:35:40.692+03:30 level=INFO msg="checked pod" worker=1 pod=nginx-1 phase=Running ready=1/1 error=""
time=2026-09-03T10:37:40.672+03:30 level=INFO msg="queued all pods for status check" worker=2 count=1
time=2026-09-03T10:37:40.703+03:30 level=INFO msg="checked pod" worker=1 pod=nginx-1 phase=Running ready=1/1 error=""
time=2026-09-03T10:39:40.674+03:30 level=INFO msg="queued all pods for status check" worker=2 count=1
time=2026-09-03T10:39:40.687+03:30 level=INFO msg="checked pod" worker=1 pod=nginx-1 phase=Running ready=1/1 error=""
time=2026-09-03T10:41:40.672+03:30 level=INFO msg="queued all pods for status check" worker=2 count=1
time=2026-09-03T10:41:40.688+03:30 level=INFO msg="checked pod" worker=1 pod=nginx-1 phase=Running ready=1/1 error=""
time=2026-09-03T10:43:40.674+03:30 level=INFO msg="queued all pods for status check" worker=2 count=1
time=2026-09-03T10:43:40.689+03:30 level=INFO msg="checked pod" worker=1 pod=nginx-1 phase=Running ready=1/1 error=""
time=2026-09-03T10:45:40.676+03:30 level=INFO msg="queued all pods for status check" worker=2 count=1
time=2026-09-03T10:45:40.696+03:30 level=INFO msg="checked pod" worker=1 pod=nginx-1 phase=Running ready=1/1 error=""
time=2026-09-03T10:47:40.678+03:30 level=INFO msg="queued all pods for status check" worker=2 count=1
time=2026-09-03T10:47:40.703+03:30 level=INFO msg="checked pod" worker=1 pod=nginx-1 phase=Running ready=1/1 error=""
time=2026-09-03T10:49:40.680+03:30 level=INFO msg="queued all pods for status check" worker=2 count=1
time=2026-09-03T10:49:40.708+03:30 level=INFO msg="checked pod" worker=1 pod=nginx-1 phase=Running ready=1/1 error=""
time=2026-09-03T10:51:40.682+03:30 level=INFO msg="queued all pods for status check" worker=2 count=1
time=2026-09-03T10:51:40.703+03:30 level=INFO msg="checked pod" worker=1 pod=nginx-1 phase=Running ready=1/1 error=""
time=2026-09-03T10:53:40.684+03:30 level=INFO msg="queued all pods for status check" worker=2 count=1
time=2026-09-03T10:53:40.711+03:30 level=INFO msg="checked pod" worker=1 pod=nginx-1 phase=Running ready=1/1 error=""
time=2026-09-03T10:55:40.686+03:30 level=INFO msg="queued all pods for status check" worker=2 count=1
time=2026-09-03T10:55:40.707+03:30 level=INFO msg="checked pod" worker=1 pod=nginx-1 phase=Running ready=1/1 error=""
time=2026-09-03T10:57:40.690+03:30 level=INFO msg="queued all pods for status check" worker=2 count=1
time=2026-09-03T10:57:40.704+03:30 level=INFO msg="checked pod" worker=1 pod=nginx-1 phase=Running ready=1/1 error=""
time=2026-09-03T10:59:40.692+03:30 level=INFO msg="queued all pods for status check" worker=2 count=1
time=2026-09-03T10:59:40.711+03:30 level=INFO msg="checked pod" worker=1 pod=nginx-1 phase=Running ready=1/1 error=""
time=2026-09-03T11:01:40.694+03:30 level=INFO msg="queued all pods for status check" worker=2 count=1
time=2026-09-03T11:01:40.725+03:30 level=INFO msg="checked pod" worker=1 pod=nginx-1 phase=Running ready=1/1 error=""
time=2026-09-03T11:03:40.696+03:30 level=INFO msg="queued all pods for status check" worker=2 count=1
time=2026-09-03T11:03:40.719+03:30 level=INFO msg="checked pod" worker=1 pod=nginx-1 phase=Running ready=1/1 error=""
time=2026-09-03T11:05:40.699+03:30 level=INFO msg="queued all pods for status check" worker=2 count=1
time=2026-09-03T11:05:40.729+03:30 level=INFO msg="checked pod" worker=1 pod=nginx-1 phase=Running ready=1/1 error=""
time=2026-09-03T11:07:40.701+03:30 level=INFO msg="queued all pods for status check" worker=2 count=1
time=2026-09-03T11:07:40.723+03:30 level=INFO msg="checked pod" worker=1 pod=nginx-1 phase=Running ready=1/1 error=""
time=2026-09-03T11:09:40.702+03:30 level=INFO msg="queued all pods for status check" worker=2 count=1
time=2026-09-03T11:09:40.724+03:30 level=INFO msg="checked pod" worker=1 pod=nginx-1 phase=Running ready=1/1 error=""
time=2026-09-03T11:11:40.703+03:30 level=INFO msg="queued all pods for status check" worker=2 count=1
time=2026-09-03T11:11:40.726+03:30 level=INFO msg="checked pod" worker=1 pod=nginx-1 phase=Running ready=1/1 error=""
time=2026-09-03T11:13:40.684+03:30 level=INFO msg="queued all pods for status check" worker=2 count=1
time=2026-09-03T11:13:40.707+03:30 level=INFO msg="checked pod" worker=1 pod=nginx-1 phase=Running ready=1/1 error=""
time=2026-09-03T11:15:40.685+03:30 level=INFO msg="queued all pods for status check" worker=2 count=1
time=2026-09-03T11:15:40.707+03:30 level=INFO msg="checked pod" worker=1 pod=nginx-1 phase=Running ready=1/1 error=""
time=2026-09-03T11:17:40.686+03:30 level=INFO msg="queued all pods for status check" worker=2 count=1
time=2026-09-03T11:17:40.700+03:30 level=INFO msg="checked pod" worker=1 pod=nginx-1 phase=Running ready=1/1 error=""
time=2026-09-03T11:19:40.688+03:30 level=INFO msg="queued all pods for status check" worker=2 count=1
time=2026-09-03T11:19:40.706+03:30 level=INFO msg="checked pod" worker=1 pod=nginx-1 phase=Running ready=1/1 error=""
time=2026-09-03T11:21:40.690+03:30 level=INFO msg="queued all pods for status check" worker=2 count=1
time=2026-09-03T11:21:40.716+03:30 level=INFO msg="checked pod" worker=1 pod=nginx-1 phase=Running ready=1/1 error=""
time=2026-09-03T11:23:40.691+03:30 level=INFO msg="queued all pods for status check" worker=2 count=1
time=2026-09-03T11:23:40.715+03:30 level=INFO msg="checked pod" worker=1 pod=nginx-1 phase=Running ready=1/1 error=""
time=2026-09-03T11:25:40.692+03:30 level=INFO msg="queued all pods for status check" worker=2 count=1
time=2026-09-03T11:25:40.728+03:30 level=INFO msg="checked pod" worker=1 pod=nginx-1 phase=Running ready=1/1 error=""
time=2026-09-03T11:27:40.694+03:30 level=INFO msg="queued all pods for status check" worker=2 count=1
time=2026-09-03T11:27:40.715+03:30 level=INFO msg="checked pod" worker=1 pod=nginx-1 phase=Running ready=1/1 error=""
time=2026-09-03T11:29:40.695+03:30 level=INFO msg="queued all pods for status check" worker=2 count=1
time=2026-09-03T11:29:40.715+03:30 level=INFO msg="checked pod" worker=1 pod=nginx-1 phase=Running ready=1/1 error=""
time=2026-09-03T11:31:40.697+03:30 level=INFO msg="queued all pods for status check" worker=2 count=1
time=2026-09-03T11:31:40.716+03:30 level=INFO msg="checked pod" worker=1 pod=nginx-1 phase=Running ready=1/1 error=""
time=2026-09-03T11:33:40.699+03:30 level=INFO msg="queued all pods for status check" worker=2 count=1
time=2026-09-03T11:33:40.719+03:30 level=INFO msg="checked pod" worker=1 pod=nginx-1 phase=Running ready=1/1 error=""
time=2026-09-03T11:35:40.701+03:30 level=INFO msg="queued all pods for status check" worker=2 count=1
time=2026-09-03T11:35:40.718+03:30 level=INFO msg="checked pod" worker=1 pod=nginx-1 phase=Running ready=1/1 error=""
time=2026-09-03T11:37:40.706+03:30 level=INFO msg="queued all pods for status check" worker=2 count=1
time=2026-09-03T11:37:40.729+03:30 level=INFO msg="checked pod" worker=1 pod=nginx-1 phase=Running ready=1/1 error=""
time=2026-09-03T11:39:40.703+03:30 level=INFO msg="queued all pods for status check" worker=2 count=1
time=2026-09-03T11:39:40.728+03:30 level=INFO msg="checked pod" worker=1 pod=nginx-1 phase=Running ready=1/1 error=""
time=2026-09-03T11:41:40.705+03:30 level=INFO msg="queued all pods for status check" worker=2 count=1
time=2026-09-03T11:41:40.729+03:30 level=INFO msg="checked pod" worker=1 pod=nginx-1 phase=Running ready=1/1 error=""
time=2026-09-03T11:43:40.707+03:30 level=INFO msg="queued all pods for status check" worker=2 count=1
time=2026-09-03T11:43:40.737+03:30 level=INFO msg="checked pod" worker=1 pod=nginx-1 phase=Running ready=1/1 error=""
time=2026-09-03T11:45:40.703+03:30 level=INFO msg="queued all pods for status check" worker=2 count=1
time=2026-09-03T11:45:40.719+03:30 level=INFO msg="checked pod" worker=1 pod=nginx-1 phase=Running ready=1/1 error=""
time=2026-09-03T11:47:40.704+03:30 level=INFO msg="queued all pods for status check" worker=2 count=1
time=2026-09-03T11:47:40.739+03:30 level=INFO msg="checked pod" worker=1 pod=nginx-1 phase=Running ready=1/1 error=""
time=2026-09-03T11:49:40.706+03:30 level=INFO msg="queued all pods for status check" worker=2 count=1
time=2026-09-03T11:49:40.753+03:30 level=INFO msg="checked pod" worker=1 pod=nginx-1 phase=Running ready=1/1 error=""
time=2026-09-03T11:51:40.707+03:30 level=INFO msg="queued all pods for status check" worker=2 count=1
time=2026-09-03T11:51:40.730+03:30 level=INFO msg="checked pod" worker=1 pod=nginx-1 phase=Running ready=1/1 error=""
time=2026-09-03T11:53:40.709+03:30 level=INFO msg="queued all pods for status check" worker=2 count=1
time=2026-09-03T11:53:40.731+03:30 level=INFO msg="checked pod" worker=1 pod=nginx-1 phase=Running ready=1/1 error=""
time=2026-09-03T11:55:40.710+03:30 level=INFO msg="queued all pods for status check" worker=2 count=1
time=2026-09-03T11:55:40.733+03:30 level=INFO msg="checked pod" worker=1 pod=nginx-1 phase=Running ready=1/1 error=""
time=2026-09-03T11:57:40.713+03:30 level=INFO msg="queued all pods for status check" worker=2 count=1
time=2026-09-03T11:57:40.733+03:30 level=INFO msg="checked pod" worker=1 pod=nginx-1 phase=Running ready=1/1 error=""
time=2026-09-03T11:59:40.713+03:30 level=INFO msg="queued all pods for status check" worker=2 count=1
time=2026-09-03T11:59:40.732+03:30 level=INFO msg="checked pod" worker=1 pod=nginx-1 phase=Running ready=1/1 error=""
time=2026-09-03T12:01:40.706+03:30 level=INFO msg="queued all pods for status check" worker=2 count=1
time=2026-09-03T12:01:40.730+03:30 level=INFO msg="checked pod" worker=1 pod=nginx-1 phase=Running ready=1/1 error=""
time=2026-09-03T12:03:40.707+03:30 level=INFO msg="queued all pods for status check" worker=2 count=1
time=2026-09-03T12:03:40.737+03:30 level=INFO msg="checked pod" worker=1 pod=nginx-1 phase=Running ready=1/1 error=""
time=2026-09-03T12:05:40.708+03:30 level=INFO msg="queued all pods for status check" worker=2 count=1
time=2026-09-03T12:05:40.742+03:30 level=INFO msg="checked pod" worker=1 pod=nginx-1 phase=Running ready=1/1 error=""
time=2026-09-03T12:07:40.709+03:30 level=INFO msg="queued all pods for status check" worker=2 count=1
time=2026-09-03T12:07:40.732+03:30 level=INFO msg="checked pod" worker=1 pod=nginx-1 phase=Running ready=1/1 error=""
time=2026-09-03T12:09:40.712+03:30 level=INFO msg="queued all pods for status check" worker=2 count=1
time=2026-09-03T12:09:40.736+03:30 level=INFO msg="checked pod" worker=1 pod=nginx-1 phase=Running ready=1/1 error=""
time=2026-09-03T12:11:40.712+03:30 level=INFO msg="queued all pods for status check" worker=2 count=1
time=2026-09-03T12:11:40.733+03:30 level=INFO msg="checked pod" worker=1 pod=nginx-1 phase=Running ready=1/1 error=""
time=2026-09-03T12:13:40.722+03:30 level=INFO msg="queued all pods for status check" worker=2 count=1
time=2026-09-03T12:13:40.743+03:30 level=INFO msg="checked pod" worker=1 pod=nginx-1 phase=Running ready=1/1 error=""
time=2026-09-03T12:15:40.716+03:30 level=INFO msg="queued all pods for status check" worker=2 count=1
time=2026-09-03T12:15:40.745+03:30 level=INFO msg="checked pod" worker=1 pod=nginx-1 phase=Running ready=1/1 error=""
time=2026-09-03T12:17:40.588+03:30 level=INFO msg="queued all pods for status check" worker=2 count=1
time=2026-09-03T12:17:40.611+03:30 level=INFO msg="checked pod" worker=1 pod=nginx-1 phase=Running ready=1/1 error=""
time=2026-09-03T12:19:40.590+03:30 level=INFO msg="queued all pods for status check" worker=2 count=1
time=2026-09-03T12:19:40.608+03:30 level=INFO msg="checked pod" worker=1 pod=nginx-1 phase=Running ready=1/1 error=""
time=2026-09-03T12:21:40.587+03:30 level=INFO msg="queued all pods for status check" worker=2 count=1
time=2026-09-03T12:21:40.616+03:30 level=INFO msg="checked pod" worker=1 pod=nginx-1 phase=Running ready=1/1 error=""
time=2026-09-03T12:23:40.586+03:30 level=INFO msg="queued all pods for status check" worker=2 count=1
time=2026-09-03T12:23:40.612+03:30 level=INFO msg="checked pod" worker=1 pod=nginx-1 phase=Running ready=1/1 error=""
time=2026-09-03T12:25:40.587+03:30 level=INFO msg="queued all pods for status check" worker=2 count=1
time=2026-09-03T12:25:40.624+03:30 level=INFO msg="checked pod" worker=1 pod=nginx-1 phase=Running ready=1/1 error=""
time=2026-09-03T12:27:40.585+03:30 level=INFO msg="queued all pods for status check" worker=2 count=1
time=2026-09-03T12:27:40.610+03:30 level=INFO msg="checked pod" worker=1 pod=nginx-1 phase=Running ready=1/1 error=""
time=2026-09-03T12:29:40.586+03:30 level=INFO msg="queued all pods for status check" worker=2 count=1
time=2026-09-03T12:29:40.606+03:30 level=INFO msg="checked pod" worker=1 pod=nginx-1 phase=Running ready=1/1 error=""
time=2026-09-03T12:31:40.585+03:30 level=INFO msg="queued all pods for status check" worker=2 count=1
time=2026-09-03T12:31:40.613+03:30 level=INFO msg="checked pod" worker=1 pod=nginx-1 phase=Running ready=1/1 error=""
time=2026-09-03T12:33:40.528+03:30 level=INFO msg="queued all pods for status check" worker=2 count=1
time=2026-09-03T12:33:40.555+03:30 level=INFO msg="checked pod" worker=1 pod=nginx-1 phase=Running ready=1/1 error=""
time=2026-09-03T12:35:40.523+03:30 level=INFO msg="queued all pods for status check" worker=2 count=1
time=2026-09-03T12:35:40.547+03:30 level=INFO msg="checked pod" worker=1 pod=nginx-1 phase=Running ready=1/1 error=""
time=2026-09-03T12:37:40.522+03:30 level=INFO msg="queued all pods for status check" worker=2 count=1
time=2026-09-03T12:37:40.547+03:30 level=INFO msg="checked pod" worker=1 pod=nginx-1 phase=Running ready=1/1 error=""
time=2026-09-03T12:39:40.521+03:30 level=INFO msg="queued all pods for status check" worker=2 count=1
time=2026-09-03T12:39:40.539+03:30 level=INFO msg="checked pod" worker=1 pod=nginx-1 phase=Running ready=1/1 error=""
time=2026-09-03T12:41:40.519+03:30 level=INFO msg="queued all pods for status check" worker=2 count=1
time=2026-09-03T12:41:40.540+03:30 level=INFO msg="checked pod" worker=1 pod=nginx-1 phase=Running ready=1/1 error=""
time=2026-09-03T12:43:40.519+03:30 level=INFO msg="queued all pods for status check" worker=2 count=1
time=2026-09-03T12:43:40.542+03:30 level=INFO msg="checked pod" worker=1 pod=nginx-1 phase=Running ready=1/1 error=""
time=2026-09-03T12:45:40.517+03:30 level=INFO msg="queued all pods for status check" worker=2 count=1
time=2026-09-03T12:45:40.539+03:30 level=INFO msg="checked pod" worker=1 pod=nginx-1 phase=Running ready=1/1 error=""
time=2026-09-03T12:47:40.516+03:30 level=INFO msg="queued all pods for status check" worker=2 count=1
time=2026-09-03T12:47:40.537+03:30 level=INFO msg="checked pod" worker=1 pod=nginx-1 phase=Running ready=1/1 error=""
time=2026-09-03T12:49:40.562+03:30 level=INFO msg="queued all pods for status check" worker=2 count=1
time=2026-09-03T12:49:40.587+03:30 level=INFO msg="checked pod" worker=1 pod=nginx-1 phase=Running ready=1/1 error=""
time=2026-09-03T12:51:40.564+03:30 level=INFO msg="queued all pods for status check" worker=2 count=1
time=2026-09-03T12:51:40.582+03:30 level=INFO msg="checked pod" worker=1 pod=nginx-1 phase=Running ready=1/1 error=""
time=2026-09-03T12:53:40.561+03:30 level=INFO msg="queued all pods for status check" worker=2 count=1
time=2026-09-03T12:53:40.626+03:30 level=INFO msg="checked pod" worker=1 pod=nginx-1 phase=Running ready=1/1 error=""
time=2026-09-03T12:55:40.560+03:30 level=INFO msg="queued all pods for status check" worker=2 count=1
time=2026-09-03T12:55:40.594+03:30 level=INFO msg="checked pod" worker=1 pod=nginx-1 phase=Running ready=1/1 error=""
time=2026-09-03T12:57:40.559+03:30 level=INFO msg="queued all pods for status check" worker=2 count=1
time=2026-09-03T12:57:40.586+03:30 level=INFO msg="checked pod" worker=1 pod=nginx-1 phase=Running ready=1/1 error=""
time=2026-09-03T12:59:40.558+03:30 level=INFO msg="queued all pods for status check" worker=2 count=1
time=2026-09-03T12:59:40.568+03:30 level=INFO msg="checked pod" worker=1 pod=nginx-1 phase=Running ready=1/1 error=""
time=2026-09-03T13:01:40.558+03:30 level=INFO msg="queued all pods for status check" worker=2 count=1
time=2026-09-03T13:01:40.589+03:30 level=INFO msg="checked pod" worker=1 pod=nginx-1 phase=Running ready=1/1 error=""
time=2026-09-03T13:03:40.558+03:30 level=INFO msg="queued all pods for status check" worker=2 count=1
time=2026-09-03T13:03:40.581+03:30 level=INFO msg="checked pod" worker=1 pod=nginx-1 phase=Running ready=1/1 error=""
time=2026-09-03T13:05:40.557+03:30 level=INFO msg="queued all pods for status check" worker=2 count=1
time=2026-09-03T13:05:40.587+03:30 level=INFO msg="checked pod" worker=1 pod=nginx-1 phase=Running ready=1/1 error=""
time=2026-09-03T13:07:40.556+03:30 level=INFO msg="queued all pods for status check" worker=2 count=1
time=2026-09-03T13:07:40.582+03:30 level=INFO msg="checked pod" worker=1 pod=nginx-1 phase=Running ready=1/1 error=""
time=2026-09-03T13:09:40.557+03:30 level=INFO msg="queued all pods for status check" worker=2 count=1
time=2026-09-03T13:09:40.580+03:30 level=INFO msg="checked pod" worker=1 pod=nginx-1 phase=Running ready=1/1 error=""
time=2026-09-03T13:11:40.555+03:30 level=INFO msg="queued all pods for status check" worker=2 count=1
time=2026-09-03T13:11:40.588+03:30 level=INFO msg="checked pod" worker=1 pod=nginx-1 phase=Running ready=1/1 error=""
time=2026-09-03T13:13:40.555+03:30 level=INFO msg="queued all pods for status check" worker=2 count=1
time=2026-09-03T13:13:40.585+03:30 level=INFO msg="checked pod" worker=1 pod=nginx-1 phase=Running ready=1/1 error=""
time=2026-09-03T13:15:40.554+03:30 level=INFO msg="queued all pods for status check" worker=2 count=1
time=2026-09-03T13:15:40.578+03:30 level=INFO msg="checked pod" worker=1 pod=nginx-1 phase=Running ready=1/1 error=""
time=2026-09-03T13:17:40.553+03:30 level=INFO msg="queued all pods for status check" worker=2 count=1
time=2026-09-03T13:17:40.573+03:30 level=INFO msg="checked pod" worker=1 pod=nginx-1 phase=Running ready=1/1 error=""
time=2026-09-03T13:19:40.553+03:30 level=INFO msg="queued all pods for status check" worker=2 count=1
time=2026-09-03T13:19:40.577+03:30 level=INFO msg="checked pod" worker=1 pod=nginx-1 phase=Running ready=1/1 error=""
time=2026-09-03T13:21:40.513+03:30 level=INFO msg="queued all pods for status check" worker=2 count=1
time=2026-09-03T13:21:40.535+03:30 level=INFO msg="checked pod" worker=1 pod=nginx-1 phase=Running ready=1/1 error=""
time=2026-09-03T13:23:40.511+03:30 level=INFO msg="queued all pods for status check" worker=2 count=1
time=2026-09-03T13:23:40.536+03:30 level=INFO msg="checked pod" worker=1 pod=nginx-1 phase=Running ready=1/1 error=""
time=2026-09-03T13:25:40.511+03:30 level=INFO msg="queued all pods for status check" worker=2 count=1
time=2026-09-03T13:25:40.536+03:30 level=INFO msg="checked pod" worker=1 pod=nginx-1 phase=Running ready=1/1 error=""
time=2026-09-03T13:27:40.511+03:30 level=INFO msg="queued all pods for status check" worker=2 count=1
time=2026-09-03T13:27:40.533+03:30 level=INFO msg="checked pod" worker=1 pod=nginx-1 phase=Running ready=1/1 error=""
time=2026-09-03T13:29:40.509+03:30 level=INFO msg="queued all pods for status check" worker=2 count=1
time=2026-09-03T13:29:40.527+03:30 level=INFO msg="checked pod" worker=1 pod=nginx-1 phase=Running ready=1/1 error=""
time=2026-09-03T13:31:40.508+03:30 level=INFO msg="queued all pods for status check" worker=2 count=1
time=2026-09-03T13:31:40.529+03:30 level=INFO msg="checked pod" worker=1 pod=nginx-1 phase=Running ready=1/1 error=""
time=2026-09-03T13:33:40.505+03:30 level=INFO msg="queued all pods for status check" worker=2 count=1
time=2026-09-03T13:33:40.522+03:30 level=INFO msg="checked pod" worker=1 pod=nginx-1 phase=Running ready=1/1 error=""
time=2026-09-03T13:35:40.506+03:30 level=INFO msg="queued all pods for status check" worker=2 count=1
time=2026-09-03T13:35:40.525+03:30 level=INFO msg="checked pod" worker=1 pod=nginx-1 phase=Running ready=1/1 error=""
time=2026-09-03T13:37:40.451+03:30 level=INFO msg="queued all pods for status check" worker=2 count=1
time=2026-09-03T13:37:40.469+03:30 level=INFO msg="checked pod" worker=1 pod=nginx-1 phase=Running ready=1/1 error=""
time=2026-09-03T13:39:40.450+03:30 level=INFO msg="queued all pods for status check" worker=2 count=1
time=2026-09-03T13:39:40.465+03:30 level=INFO msg="checked pod" worker=1 pod=nginx-1 phase=Running ready=1/1 error=""
time=2026-09-03T13:41:40.448+03:30 level=INFO msg="queued all pods for status check" worker=2 count=1
time=2026-09-03T13:41:40.470+03:30 level=INFO msg="checked pod" worker=1 pod=nginx-1 phase=Running ready=1/1 error=""
time=2026-09-03T13:43:40.446+03:30 level=INFO msg="queued all pods for status check" worker=2 count=1
time=2026-09-03T13:43:40.465+03:30 level=INFO msg="checked pod" worker=1 pod=nginx-1 phase=Running ready=1/1 error=""
time=2026-09-03T13:45:40.444+03:30 level=INFO msg="queued all pods for status check" worker=2 count=1
time=2026-09-03T13:45:40.468+03:30 level=INFO msg="checked pod" worker=1 pod=nginx-1 phase=Running ready=1/1 error=""
time=2026-09-03T13:47:40.441+03:30 level=INFO msg="queued all pods for status check" worker=2 count=1
time=2026-09-03T13:47:40.459+03:30 level=INFO msg="checked pod" worker=1 pod=nginx-1 phase=Running ready=1/1 error=""
time=2026-09-03T13:49:40.441+03:30 level=INFO msg="queued all pods for status check" worker=2 count=1
time=2026-09-03T13:49:40.459+03:30 level=INFO msg="checked pod" worker=1 pod=nginx-1 phase=Running ready=1/1 error=""
time=2026-09-03T13:51:40.439+03:30 level=INFO msg="queued all pods for status check" worker=2 count=1
time=2026-09-03T13:51:40.457+03:30 level=INFO msg="checked pod" worker=1 pod=nginx-1 phase=Running ready=1/1 error=""
time=2026-09-03T13:53:40.470+03:30 level=INFO msg="queued all pods for status check" worker=2 count=1
time=2026-09-03T13:53:40.492+03:30 level=INFO msg="checked pod" worker=1 pod=nginx-1 phase=Running ready=1/1 error=""
time=2026-09-03T13:55:40.469+03:30 level=INFO msg="queued all pods for status check" worker=2 count=1
time=2026-09-03T13:55:40.492+03:30 level=INFO msg="checked pod" worker=1 pod=nginx-1 phase=Running ready=1/1 error=""
time=2026-09-03T13:57:40.468+03:30 level=INFO msg="queued all pods for status check" worker=2 count=1
time=2026-09-03T13:57:40.489+03:30 level=INFO msg="checked pod" worker=1 pod=nginx-1 phase=Running ready=1/1 error=""
time=2026-09-03T13:59:40.465+03:30 level=INFO msg="queued all pods for status check" worker=2 count=1
time=2026-09-03T13:59:40.484+03:30 level=INFO msg="checked pod" worker=1 pod=nginx-1 phase=Running ready=1/1 error=""
time=2026-09-03T14:01:40.465+03:30 level=INFO msg="queued all pods for status check" worker=2 count=1
time=2026-09-03T14:01:40.489+03:30 level=INFO msg="checked pod" worker=1 pod=nginx-1 phase=Running ready=1/1 error=""
time=2026-09-03T14:03:40.462+03:30 level=INFO msg="queued all pods for status check" worker=2 count=1
time=2026-09-03T14:03:40.487+03:30 level=INFO msg="checked pod" worker=1 pod=nginx-1 phase=Running ready=1/1 error=""
time=2026-09-03T14:05:40.462+03:30 level=INFO msg="queued all pods for status check" worker=2 count=1
time=2026-09-03T14:05:40.477+03:30 level=INFO msg="checked pod" worker=1 pod=nginx-1 phase=Running ready=1/1 error=""
time=2026-09-03T14:07:40.460+03:30 level=INFO msg="queued all pods for status check" worker=2 count=1
time=2026-09-03T14:07:40.485+03:30 level=INFO msg="checked pod" worker=1 pod=nginx-1 phase=Running ready=1/1 error=""
time=2026-09-03T14:09:40.545+03:30 level=INFO msg="queued all pods for status check" worker=2 count=1
time=2026-09-03T14:09:40.572+03:30 level=INFO msg="checked pod" worker=1 pod=nginx-1 phase=Running ready=1/1 error=""
time=2026-09-03T14:11:40.546+03:30 level=INFO msg="queued all pods for status check" worker=2 count=1
time=2026-09-03T14:11:40.568+03:30 level=INFO msg="checked pod" worker=1 pod=nginx-1 phase=Running ready=1/1 error=""
time=2026-09-03T14:13:40.546+03:30 level=INFO msg="queued all pods for status check" worker=2 count=1
time=2026-09-03T14:13:40.568+03:30 level=INFO msg="checked pod" worker=1 pod=nginx-1 phase=Running ready=1/1 error=""
time=2026-09-03T14:15:40.546+03:30 level=INFO msg="queued all pods for status check" worker=2 count=1
time=2026-09-03T14:15:40.570+03:30 level=INFO msg="checked pod" worker=1 pod=nginx-1 phase=Running ready=1/1 error=""
time=2026-09-03T14:17:40.545+03:30 level=INFO msg="queued all pods for status check" worker=2 count=1
time=2026-09-03T14:17:40.569+03:30 level=INFO msg="checked pod" worker=1 pod=nginx-1 phase=Running ready=1/1 error=""
time=2026-09-03T14:19:40.544+03:30 level=INFO msg="queued all pods for status check" worker=2 count=1
time=2026-09-03T14:19:40.568+03:30 level=INFO msg="checked pod" worker=1 pod=nginx-1 phase=Running ready=1/1 error=""
time=2026-09-03T14:21:40.544+03:30 level=INFO msg="queued all pods for status check" worker=2 count=1
time=2026-09-03T14:21:40.566+03:30 level=INFO msg="checked pod" worker=1 pod=nginx-1 phase=Running ready=1/1 error=""
time=2026-09-03T14:23:40.545+03:30 level=INFO msg="queued all pods for status check" worker=2 count=1
time=2026-09-03T14:23:40.564+03:30 level=INFO msg="checked pod" worker=1 pod=nginx-1 phase=Running ready=1/1 error=""
time=2026-09-03T14:25:40.526+03:30 level=INFO msg="queued all pods for status check" worker=2 count=1
time=2026-09-03T14:25:40.549+03:30 level=INFO msg="checked pod" worker=1 pod=nginx-1 phase=Running ready=1/1 error=""
time=2026-09-03T14:27:40.525+03:30 level=INFO msg="queued all pods for status check" worker=2 count=1
time=2026-09-03T14:27:40.546+03:30 level=INFO msg="checked pod" worker=1 pod=nginx-1 phase=Running ready=1/1 error=""
time=2026-09-03T14:29:40.525+03:30 level=INFO msg="queued all pods for status check" worker=2 count=1
time=2026-09-03T14:29:40.543+03:30 level=INFO msg="checked pod" worker=1 pod=nginx-1 phase=Running ready=1/1 error=""
time=2026-09-03T14:31:40.523+03:30 level=INFO msg="queued all pods for status check" worker=2 count=1
time=2026-09-03T14:31:40.546+03:30 level=INFO msg="checked pod" worker=1 pod=nginx-1 phase=Running ready=1/1 error=""
time=2026-09-03T14:33:40.524+03:30 level=INFO msg="queued all pods for status check" worker=2 count=1
time=2026-09-03T14:33:40.549+03:30 level=INFO msg="checked pod" worker=1 pod=nginx-1 phase=Running ready=1/1 error=""
time=2026-09-03T14:35:40.522+03:30 level=INFO msg="queued all pods for status check" worker=2 count=1
time=2026-09-03T14:35:40.543+03:30 level=INFO msg="checked pod" worker=1 pod=nginx-1 phase=Running ready=1/1 error=""
time=2026-09-03T14:37:40.521+03:30 level=INFO msg="queued all pods for status check" worker=2 count=1
time=2026-09-03T14:37:40.544+03:30 level=INFO msg="checked pod" worker=1 pod=nginx-1 phase=Running ready=1/1 error=""
time=2026-09-03T14:39:40.521+03:30 level=INFO msg="queued all pods for status check" worker=2 count=1
time=2026-09-03T14:39:40.540+03:30 level=INFO msg="checked pod" worker=1 pod=nginx-1 phase=Running ready=1/1 error=""
time=2026-09-03T14:41:40.604+03:30 level=INFO msg="queued all pods for status check" worker=2 count=1
time=2026-09-03T14:41:40.628+03:30 level=INFO msg="checked pod" worker=1 pod=nginx-1 phase=Running ready=1/1 error=""
time=2026-09-03T14:43:40.605+03:30 level=INFO msg="queued all pods for status check" worker=2 count=1
time=2026-09-03T14:43:40.619+03:30 level=INFO msg="checked pod" worker=1 pod=nginx-1 phase=Running ready=1/1 error=""
time=2026-09-03T14:45:40.605+03:30 level=INFO msg="queued all pods for status check" worker=2 count=1
time=2026-09-03T14:45:40.629+03:30 level=INFO msg="checked pod" worker=1 pod=nginx-1 phase=Running ready=1/1 error=""
time=2026-09-03T14:47:40.606+03:30 level=INFO msg="queued all pods for status check" worker=2 count=1
time=2026-09-03T14:47:40.627+03:30 level=INFO msg="checked pod" worker=1 pod=nginx-1 phase=Running ready=1/1 error=""
time=2026-09-03T14:49:40.608+03:30 level=INFO msg="queued all pods for status check" worker=2 count=1
time=2026-09-03T14:49:40.631+03:30 level=INFO msg="checked pod" worker=1 pod=nginx-1 phase=Running ready=1/1 error=""
time=2026-09-03T14:51:40.606+03:30 level=INFO msg="queued all pods for status check" worker=2 count=1
time=2026-09-03T14:51:40.632+03:30 level=INFO msg="checked pod" worker=1 pod=nginx-1 phase=Running ready=1/1 error=""
time=2026-09-03T14:53:40.608+03:30 level=INFO msg="queued all pods for status check" worker=2 count=1
time=2026-09-03T14:53:40.626+03:30 level=INFO msg="checked pod" worker=1 pod=nginx-1 phase=Running ready=1/1 error=""
time=2026-09-03T14:55:40.608+03:30 level=INFO msg="queued all pods for status check" worker=2 count=1
time=2026-09-03T14:55:40.628+03:30 level=INFO msg="checked pod" worker=1 pod=nginx-1 phase=Running ready=1/1 error=""
time=2026-09-03T14:57:40.591+03:30 level=INFO msg="queued all pods for status check" worker=2 count=1
time=2026-09-03T14:57:40.605+03:30 level=INFO msg="checked pod" worker=1 pod=nginx-1 phase=Running ready=1/1 error=""
time=2026-09-03T14:59:40.592+03:30 level=INFO msg="queued all pods for status check" worker=2 count=1
time=2026-09-03T14:59:40.611+03:30 level=INFO msg="checked pod" worker=1 pod=nginx-1 phase=Running ready=1/1 error=""
time=2026-09-03T15:01:40.592+03:30 level=INFO msg="queued all pods for status check" worker=2 count=1
time=2026-09-03T15:01:40.621+03:30 level=INFO msg="checked pod" worker=1 pod=nginx-1 phase=Running ready=1/1 error=""
time=2026-09-03T15:03:40.593+03:30 level=INFO msg="queued all pods for status check" worker=2 count=1
time=2026-09-03T15:03:40.612+03:30 level=INFO msg="checked pod" worker=1 pod=nginx-1 phase=Running ready=1/1 error=""
time=2026-09-03T15:05:40.593+03:30 level=INFO msg="queued all pods for status check" worker=2 count=1
time=2026-09-03T15:05:40.620+03:30 level=INFO msg="checked pod" worker=1 pod=nginx-1 phase=Running ready=1/1 error=""
time=2026-09-03T15:07:40.594+03:30 level=INFO msg="queued all pods for status check" worker=2 count=1
time=2026-09-03T15:07:40.622+03:30 level=INFO msg="checked pod" worker=1 pod=nginx-1 phase=Running ready=1/1 error=""
time=2026-09-03T15:09:40.594+03:30 level=INFO msg="queued all pods for status check" worker=2 count=1
time=2026-09-03T15:09:40.618+03:30 level=INFO msg="checked pod" worker=1 pod=nginx-1 phase=Running ready=1/1 error=""
time=2026-09-03T15:11:40.594+03:30 level=INFO msg="queued all pods for status check" worker=2 count=1
time=2026-09-03T15:11:40.615+03:30 level=INFO msg="checked pod" worker=1 pod=nginx-1 phase=Running ready=1/1 error=""
time=2026-09-03T15:13:40.592+03:30 level=INFO msg="queued all pods for status check" worker=2 count=1
time=2026-09-03T15:13:40.612+03:30 level=INFO msg="checked pod" worker=1 pod=nginx-1 phase=Running ready=1/1 error=""
time=2026-09-03T15:15:40.592+03:30 level=INFO msg="queued all pods for status check" worker=2 count=1
time=2026-09-03T15:15:40.612+03:30 level=INFO msg="checked pod" worker=1 pod=nginx-1 phase=Running ready=1/1 error=""
time=2026-09-03T15:17:40.593+03:30 level=INFO msg="queued all pods for status check" worker=2 count=1
time=2026-09-03T15:17:40.616+03:30 level=INFO msg="checked pod" worker=1 pod=nginx-1 phase=Running ready=1/1 error=""
time=2026-09-03T15:19:40.594+03:30 level=INFO msg="queued all pods for status check" worker=2 count=1
time=2026-09-03T15:19:40.613+03:30 level=INFO msg="checked pod" worker=1 pod=nginx-1 phase=Running ready=1/1 error=""
time=2026-09-03T15:21:40.597+03:30 level=INFO msg="queued all pods for status check" worker=2 count=1
time=2026-09-03T15:21:40.634+03:30 level=INFO msg="checked pod" worker=1 pod=nginx-1 phase=Running ready=1/1 error=""
time=2026-09-03T15:23:40.592+03:30 level=INFO msg="queued all pods for status check" worker=2 count=1
time=2026-09-03T15:23:40.613+03:30 level=INFO msg="checked pod" worker=1 pod=nginx-1 phase=Running ready=1/1 error=""
time=2026-09-03T15:25:40.594+03:30 level=INFO msg="queued all pods for status check" worker=2 count=1
time=2026-09-03T15:25:40.615+03:30 level=INFO msg="checked pod" worker=1 pod=nginx-1 phase=Running ready=1/1 error=""
time=2026-09-03T15:27:40.595+03:30 level=INFO msg="queued all pods for status check" worker=2 count=1
time=2026-09-03T15:27:40.616+03:30 level=INFO msg="checked pod" worker=1 pod=nginx-1 phase=Running ready=1/1 error=""
time=2026-09-03T15:29:40.645+03:30 level=INFO msg="queued all pods for status check" worker=2 count=1
time=2026-09-03T15:29:40.664+03:30 level=INFO msg="checked pod" worker=1 pod=nginx-1 phase=Running ready=1/1 error=""
time=2026-09-03T15:31:40.646+03:30 level=INFO msg="queued all pods for status check" worker=2 count=1
time=2026-09-03T15:31:40.669+03:30 level=INFO msg="checked pod" worker=1 pod=nginx-1 phase=Running ready=1/1 error=""
time=2026-09-03T15:33:40.647+03:30 level=INFO msg="queued all pods for status check" worker=2 count=1
time=2026-09-03T15:33:40.668+03:30 level=INFO msg="checked pod" worker=1 pod=nginx-1 phase=Running ready=1/1 error=""
time=2026-09-03T15:35:40.648+03:30 level=INFO msg="queued all pods for status check" worker=2 count=1
time=2026-09-03T15:35:40.671+03:30 level=INFO msg="checked pod" worker=1 pod=nginx-1 phase=Running ready=1/1 error=""
time=2026-09-03T15:37:40.649+03:30 level=INFO msg="queued all pods for status check" worker=2 count=1
time=2026-09-03T15:37:40.672+03:30 level=INFO msg="checked pod" worker=1 pod=nginx-1 phase=Running ready=1/1 error=""
time=2026-09-03T15:39:40.650+03:30 level=INFO msg="queued all pods for status check" worker=2 count=1
time=2026-09-03T15:39:40.668+03:30 level=INFO msg="checked pod" worker=1 pod=nginx-1 phase=Running ready=1/1 error=""
time=2026-09-03T15:41:40.651+03:30 level=INFO msg="queued all pods for status check" worker=2 count=1
time=2026-09-03T15:41:40.672+03:30 level=INFO msg="checked pod" worker=1 pod=nginx-1 phase=Running ready=1/1 error=""
time=2026-09-03T15:43:40.651+03:30 level=INFO msg="queued all pods for status check" worker=2 count=1
time=2026-09-03T15:43:40.676+03:30 level=INFO msg="checked pod" worker=1 pod=nginx-1 phase=Running ready=1/1 error=""
time=2026-09-03T15:45:40.675+03:30 level=INFO msg="queued all pods for status check" worker=2 count=1
time=2026-09-03T15:45:40.694+03:30 level=INFO msg="checked pod" worker=1 pod=nginx-1 phase=Running ready=1/1 error=""
time=2026-09-03T15:47:40.677+03:30 level=INFO msg="queued all pods for status check" worker=2 count=1
time=2026-09-03T15:47:40.697+03:30 level=INFO msg="checked pod" worker=1 pod=nginx-1 phase=Running ready=1/1 error=""
time=2026-09-03T15:49:40.678+03:30 level=INFO msg="queued all pods for status check" worker=2 count=1
time=2026-09-03T15:49:40.695+03:30 level=INFO msg="checked pod" worker=1 pod=nginx-1 phase=Running ready=1/1 error=""
time=2026-09-03T15:51:40.679+03:30 level=INFO msg="queued all pods for status check" worker=2 count=1
time=2026-09-03T15:51:40.701+03:30 level=INFO msg="checked pod" worker=1 pod=nginx-1 phase=Running ready=1/1 error=""
time=2026-09-03T15:53:40.680+03:30 level=INFO msg="queued all pods for status check" worker=2 count=1
time=2026-09-03T15:53:40.699+03:30 level=INFO msg="checked pod" worker=1 pod=nginx-1 phase=Running ready=1/1 error=""
time=2026-09-03T15:55:40.681+03:30 level=INFO msg="queued all pods for status check" worker=2 count=1
time=2026-09-03T15:55:40.700+03:30 level=INFO msg="checked pod" worker=1 pod=nginx-1 phase=Running ready=1/1 error=""
time=2026-09-03T15:57:40.683+03:30 level=INFO msg="queued all pods for status check" worker=2 count=1
time=2026-09-03T15:57:40.703+03:30 level=INFO msg="checked pod" worker=1 pod=nginx-1 phase=Running ready=1/1 error=""
time=2026-09-03T15:59:40.684+03:30 level=INFO msg="queued all pods for status check" worker=2 count=1
time=2026-09-03T15:59:40.700+03:30 level=INFO msg="checked pod" worker=1 pod=nginx-1 phase=Running ready=1/1 error=""
time=2026-09-03T16:01:40.696+03:30 level=INFO msg="queued all pods for status check" worker=2 count=1
time=2026-09-03T16:01:40.717+03:30 level=INFO msg="checked pod" worker=1 pod=nginx-1 phase=Running ready=1/1 error=""
time=2026-09-03T16:03:40.697+03:30 level=INFO msg="queued all pods for status check" worker=2 count=1
time=2026-09-03T16:03:40.716+03:30 level=INFO msg="checked pod" worker=1 pod=nginx-1 phase=Running ready=1/1 error=""
time=2026-09-03T16:05:40.698+03:30 level=INFO msg="queued all pods for status check" worker=2 count=1
time=2026-09-03T16:05:40.718+03:30 level=INFO msg="checked pod" worker=1 pod=nginx-1 phase=Running ready=1/1 error=""
time=2026-09-03T16:07:40.700+03:30 level=INFO msg="queued all pods for status check" worker=2 count=1
time=2026-09-03T16:07:40.720+03:30 level=INFO msg="checked pod" worker=1 pod=nginx-1 phase=Running ready=1/1 error=""
time=2026-09-03T16:09:40.701+03:30 level=INFO msg="queued all pods for status check" worker=2 count=1
time=2026-09-03T16:09:40.718+03:30 level=INFO msg="checked pod" worker=1 pod=nginx-1 phase=Running ready=1/1 error=""
time=2026-09-03T16:11:40.703+03:30 level=INFO msg="queued all pods for status check" worker=2 count=1
time=2026-09-03T16:11:40.721+03:30 level=INFO msg="checked pod" worker=1 pod=nginx-1 phase=Running ready=1/1 error=""
time=2026-09-03T16:13:40.704+03:30 level=INFO msg="queued all pods for status check" worker=2 count=1
time=2026-09-03T16:13:40.722+03:30 level=INFO msg="checked pod" worker=1 pod=nginx-1 phase=Running ready=1/1 error=""
time=2026-09-03T16:15:40.706+03:30 level=INFO msg="queued all pods for status check" worker=2 count=1
time=2026-09-03T16:15:40.723+03:30 level=INFO msg="checked pod" worker=1 pod=nginx-1 phase=Running ready=1/1 error=""
time=2026-09-03T16:17:40.674+03:30 level=INFO msg="queued all pods for status check" worker=2 count=1
time=2026-09-03T16:17:40.693+03:30 level=INFO msg="checked pod" worker=1 pod=nginx-1 phase=Running ready=1/1 error=""
time=2026-09-03T16:19:40.675+03:30 level=INFO msg="queued all pods for status check" worker=2 count=1
time=2026-09-03T16:19:40.694+03:30 level=INFO msg="checked pod" worker=1 pod=nginx-1 phase=Running ready=1/1 error=""
time=2026-09-03T16:21:40.675+03:30 level=INFO msg="queued all pods for status check" worker=2 count=1
time=2026-09-03T16:21:40.696+03:30 level=INFO msg="checked pod" worker=1 pod=nginx-1 phase=Running ready=1/1 error=""
time=2026-09-03T16:23:40.677+03:30 level=INFO msg="queued all pods for status check" worker=2 count=1
time=2026-09-03T16:23:40.702+03:30 level=INFO msg="checked pod" worker=1 pod=nginx-1 phase=Running ready=1/1 error=""
time=2026-09-03T16:25:40.677+03:30 level=INFO msg="queued all pods for status check" worker=2 count=1
time=2026-09-03T16:25:40.696+03:30 level=INFO msg="checked pod" worker=1 pod=nginx-1 phase=Running ready=1/1 error=""
time=2026-09-03T16:27:40.679+03:30 level=INFO msg="queued all pods for status check" worker=2 count=1
time=2026-09-03T16:27:40.691+03:30 level=INFO msg="checked pod" worker=1 pod=nginx-1 phase=Running ready=1/1 error=""
time=2026-09-03T16:29:40.680+03:30 level=INFO msg="queued all pods for status check" worker=2 count=1
time=2026-09-03T16:29:40.698+03:30 level=INFO msg="checked pod" worker=1 pod=nginx-1 phase=Running ready=1/1 error=""
time=2026-09-03T16:31:40.680+03:30 level=INFO msg="queued all pods for status check" worker=2 count=1
time=2026-09-03T16:31:40.700+03:30 level=INFO msg="checked pod" worker=1 pod=nginx-1 phase=Running ready=1/1 error=""
time=2026-09-03T16:33:40.605+03:30 level=INFO msg="queued all pods for status check" worker=2 count=1
time=2026-09-03T16:33:40.625+03:30 level=INFO msg="checked pod" worker=1 pod=nginx-1 phase=Running ready=1/1 error=""
time=2026-09-03T16:35:40.605+03:30 level=INFO msg="queued all pods for status check" worker=2 count=1
time=2026-09-03T16:35:40.623+03:30 level=INFO msg="checked pod" worker=1 pod=nginx-1 phase=Running ready=1/1 error=""
time=2026-09-03T16:37:40.606+03:30 level=INFO msg="queued all pods for status check" worker=2 count=1
time=2026-09-03T16:37:40.626+03:30 level=INFO msg="checked pod" worker=1 pod=nginx-1 phase=Running ready=1/1 error=""
time=2026-09-03T16:39:40.606+03:30 level=INFO msg="queued all pods for status check" worker=2 count=1
time=2026-09-03T16:39:40.622+03:30 level=INFO msg="checked pod" worker=1 pod=nginx-1 phase=Running ready=1/1 error=""
time=2026-09-03T16:41:40.605+03:30 level=INFO msg="queued all pods for status check" worker=2 count=1
time=2026-09-03T16:41:40.624+03:30 level=INFO msg="checked pod" worker=1 pod=nginx-1 phase=Running ready=1/1 error=""
time=2026-09-03T16:43:40.604+03:30 level=INFO msg="queued all pods for status check" worker=2 count=1
time=2026-09-03T16:43:40.627+03:30 level=INFO msg="checked pod" worker=1 pod=nginx-1 phase=Running ready=1/1 error=""
time=2026-09-03T16:45:40.604+03:30 level=INFO msg="queued all pods for status check" worker=2 count=1
time=2026-09-03T16:45:40.623+03:30 level=INFO msg="checked pod" worker=1 pod=nginx-1 phase=Running ready=1/1 error=""
time=2026-09-03T16:47:40.604+03:30 level=INFO msg="queued all pods for status check" worker=2 count=1
time=2026-09-03T16:47:40.624+03:30 level=INFO msg="checked pod" worker=1 pod=nginx-1 phase=Running ready=1/1 error=""
time=2026-09-03T16:50:55.207+03:30 level=INFO msg="queued all pods for status check" worker=2 count=1
time=2026-09-03T16:50:55.226+03:30 level=INFO msg="checked pod" worker=1 pod=nginx-1 phase=Running ready=1/1 error=""
time=2026-09-03T16:54:40.418+03:30 level=INFO msg="queued all pods for status check" worker=2 count=1
time=2026-09-03T16:54:40.440+03:30 level=INFO msg="checked pod" worker=1 pod=nginx-1 phase=Running ready=1/1 error=""
time=2026-09-03T16:56:40.418+03:30 level=INFO msg="queued all pods for status check" worker=2 count=1
time=2026-09-03T16:56:40.439+03:30 level=INFO msg="checked pod" worker=1 pod=nginx-1 phase=Running ready=1/1 error=""
time=2026-09-03T16:58:40.417+03:30 level=INFO msg="queued all pods for status check" worker=2 count=1
time=2026-09-03T16:58:40.439+03:30 level=INFO msg="checked pod" worker=1 pod=nginx-1 phase=Running ready=1/1 error=""
time=2026-09-03T17:00:40.417+03:30 level=INFO msg="queued all pods for status check" worker=2 count=1
time=2026-09-03T17:00:40.437+03:30 level=INFO msg="checked pod" worker=1 pod=nginx-1 phase=Running ready=1/1 error=""
time=2026-09-03T17:02:40.417+03:30 level=INFO msg="queued all pods for status check" worker=2 count=1
time=2026-09-03T17:02:40.434+03:30 level=INFO msg="checked pod" worker=1 pod=nginx-1 phase=Running ready=1/1 error=""
time=2026-09-03T17:04:40.418+03:30 level=INFO msg="queued all pods for status check" worker=2 count=1
time=2026-09-03T17:04:40.439+03:30 level=INFO msg="checked pod" worker=1 pod=nginx-1 phase=Running ready=1/1 error=""
time=2026-09-03T17:06:40.394+03:30 level=INFO msg="queued all pods for status check" worker=2 count=1
time=2026-09-03T17:06:40.414+03:30 level=INFO msg="checked pod" worker=1 pod=nginx-1 phase=Running ready=1/1 error=""
time=2026-09-03T17:08:40.393+03:30 level=INFO msg="queued all pods for status check" worker=2 count=1
time=2026-09-03T17:08:40.412+03:30 level=INFO msg="checked pod" worker=1 pod=nginx-1 phase=Running ready=1/1 error=""
time=2026-09-03T17:10:40.393+03:30 level=INFO msg="queued all pods for status check" worker=2 count=1
time=2026-09-03T17:10:40.413+03:30 level=INFO msg="checked pod" worker=1 pod=nginx-1 phase=Running ready=1/1 error=""
time=2026-09-03T17:12:40.391+03:30 level=INFO msg="queued all pods for status check" worker=2 count=1
time=2026-09-03T17:12:40.403+03:30 level=INFO msg="checked pod" worker=1 pod=nginx-1 phase=Running ready=1/1 error=""
time=2026-09-03T17:14:40.390+03:30 level=INFO msg="queued all pods for status check" worker=2 count=1
time=2026-09-03T17:14:40.410+03:30 level=INFO msg="checked pod" worker=1 pod=nginx-1 phase=Running ready=1/1 error=""
time=2026-09-03T17:16:40.390+03:30 level=INFO msg="queued all pods for status check" worker=2 count=1
time=2026-09-03T17:16:40.410+03:30 level=INFO msg="checked pod" worker=1 pod=nginx-1 phase=Running ready=1/1 error=""
time=2026-09-03T17:18:40.388+03:30 level=INFO msg="queued all pods for status check" worker=2 count=1
time=2026-09-03T17:18:40.407+03:30 level=INFO msg="checked pod" worker=1 pod=nginx-1 phase=Running ready=1/1 error=""
time=2026-09-03T17:20:40.388+03:30 level=INFO msg="queued all pods for status check" worker=2 count=1
time=2026-09-03T17:20:40.407+03:30 level=INFO msg="checked pod" worker=1 pod=nginx-1 phase=Running ready=1/1 error=""
time=2026-09-03T17:22:40.277+03:30 level=INFO msg="queued all pods for status check" worker=2 count=1
time=2026-09-03T17:22:40.296+03:30 level=INFO msg="checked pod" worker=1 pod=nginx-1 phase=Running ready=1/1 error=""
time=2026-09-03T17:24:40.275+03:30 level=INFO msg="queued all pods for status check" worker=2 count=1
time=2026-09-03T17:24:40.295+03:30 level=INFO msg="checked pod" worker=1 pod=nginx-1 phase=Running ready=1/1 error=""
time=2026-09-03T17:26:40.272+03:30 level=INFO msg="queued all pods for status check" worker=2 count=1
time=2026-09-03T17:26:40.291+03:30 level=INFO msg="checked pod" worker=1 pod=nginx-1 phase=Running ready=1/1 error=""
time=2026-09-03T17:28:40.270+03:30 level=INFO msg="queued all pods for status check" worker=2 count=1
time=2026-09-03T17:28:40.292+03:30 level=INFO msg="checked pod" worker=1 pod=nginx-1 phase=Running ready=1/1 error=""
time=2026-09-03T17:30:40.267+03:30 level=INFO msg="queued all pods for status check" worker=2 count=1
time=2026-09-03T17:30:40.287+03:30 level=INFO msg="checked pod" worker=1 pod=nginx-1 phase=Running ready=1/1 error=""
time=2026-09-03T17:32:40.264+03:30 level=INFO msg="queued all pods for status check" worker=2 count=1
time=2026-09-03T17:32:40.282+03:30 level=INFO msg="checked pod" worker=1 pod=nginx-1 phase=Running ready=1/1 error=""
time=2026-09-03T17:34:40.262+03:30 level=INFO msg="queued all pods for status check" worker=2 count=1
time=2026-09-03T17:34:40.281+03:30 level=INFO msg="checked pod" worker=1 pod=nginx-1 phase=Running ready=1/1 error=""
time=2026-09-03T17:36:40.261+03:30 level=INFO msg="queued all pods for status check" worker=2 count=1
time=2026-09-03T17:36:40.280+03:30 level=INFO msg="checked pod" worker=1 pod=nginx-1 phase=Running ready=1/1 error=""
time=2026-09-03T17:38:40.249+03:30 level=INFO msg="queued all pods for status check" worker=2 count=1
time=2026-09-03T17:38:40.269+03:30 level=INFO msg="checked pod" worker=1 pod=nginx-1 phase=Running ready=1/1 error=""
time=2026-09-03T17:40:40.246+03:30 level=INFO msg="queued all pods for status check" worker=2 count=1
time=2026-09-03T17:40:40.267+03:30 level=INFO msg="checked pod" worker=1 pod=nginx-1 phase=Running ready=1/1 error=""
time=2026-09-03T17:42:40.242+03:30 level=INFO msg="queued all pods for status check" worker=2 count=1
time=2026-09-03T17:42:40.259+03:30 level=INFO msg="checked pod" worker=1 pod=nginx-1 phase=Running ready=1/1 error=""
time=2026-09-03T17:44:40.239+03:30 level=INFO msg="queued all pods for status check" worker=2 count=1
time=2026-09-03T17:44:40.258+03:30 level=INFO msg="checked pod" worker=1 pod=nginx-1 phase=Running ready=1/1 error=""
time=2026-09-03T17:46:40.237+03:30 level=INFO msg="queued all pods for status check" worker=2 count=1
time=2026-09-03T17:46:40.256+03:30 level=INFO msg="checked pod" worker=1 pod=nginx-1 phase=Running ready=1/1 error=""
time=2026-09-03T17:48:40.235+03:30 level=INFO msg="queued all pods for status check" worker=2 count=1
time=2026-09-03T17:48:40.255+03:30 level=INFO msg="checked pod" worker=1 pod=nginx-1 phase=Running ready=1/1 error=""
time=2026-09-03T17:50:40.233+03:30 level=INFO msg="queued all pods for status check" worker=2 count=1
time=2026-09-03T17:50:40.253+03:30 level=INFO msg="checked pod" worker=1 pod=nginx-1 phase=Running ready=1/1 error=""
time=2026-09-03T17:52:40.230+03:30 level=INFO msg="queued all pods for status check" worker=2 count=1
time=2026-09-03T17:52:40.247+03:30 level=INFO msg="checked pod" worker=1 pod=nginx-1 phase=Running ready=1/1 error=""
time=2026-09-03T17:54:40.320+03:30 level=INFO msg="queued all pods for status check" worker=2 count=1
time=2026-09-03T17:54:40.340+03:30 level=INFO msg="checked pod" worker=1 pod=nginx-1 phase=Running ready=1/1 error=""
time=2026-09-03T17:56:40.317+03:30 level=INFO msg="queued all pods for status check" worker=2 count=1
time=2026-09-03T17:56:40.334+03:30 level=INFO msg="checked pod" worker=1 pod=nginx-1 phase=Running ready=1/1 error=""
time=2026-09-03T17:58:40.316+03:30 level=INFO msg="queued all pods for status check" worker=2 count=1
time=2026-09-03T17:58:40.338+03:30 level=INFO msg="checked pod" worker=1 pod=nginx-1 phase=Running ready=1/1 error=""
time=2026-09-03T18:00:40.316+03:30 level=INFO msg="queued all pods for status check" worker=2 count=1
time=2026-09-03T18:00:40.335+03:30 level=INFO msg="checked pod" worker=1 pod=nginx-1 phase=Running ready=1/1 error=""
time=2026-09-03T18:02:40.316+03:30 level=INFO msg="queued all pods for status check" worker=2 count=1
time=2026-09-03T18:02:40.340+03:30 level=INFO msg="checked pod" worker=1 pod=nginx-1 phase=Running ready=1/1 error=""
time=2026-09-03T18:04:40.314+03:30 level=INFO msg="queued all pods for status check" worker=2 count=1
time=2026-09-03T18:04:40.339+03:30 level=INFO msg="checked pod" worker=1 pod=nginx-1 phase=Running ready=1/1 error=""
time=2026-09-03T18:06:40.313+03:30 level=INFO msg="queued all pods for status check" worker=2 count=1
time=2026-09-03T18:06:40.334+03:30 level=INFO msg="checked pod" worker=1 pod=nginx-1 phase=Running ready=1/1 error=""
time=2026-09-03T18:12:17.255+03:30 level=INFO msg="queued all pods for status check" worker=2 count=1
time=2026-09-03T18:12:17.274+03:30 level=INFO msg="checked pod" worker=1 pod=nginx-1 phase=Running ready=1/1 error=""
time=2026-09-03T18:34:45.537+03:30 level=INFO msg="queued all pods for status check" worker=2 count=1
time=2026-09-03T18:34:45.557+03:30 level=INFO msg="checked pod" worker=1 pod=nginx-1 phase=Running ready=1/1 error=""
time=2026-09-03T19:12:20.465+03:30 level=INFO msg="queued all pods for status check" worker=2 count=1
time=2026-09-03T19:12:20.480+03:30 level=INFO msg="checked pod" worker=1 pod=nginx-1 phase=Running ready=1/1 error=""
time=2026-09-03T19:49:50.439+03:30 level=INFO msg="queued all pods for status check" worker=2 count=1
time=2026-09-03T19:49:50.459+03:30 level=INFO msg="checked pod" worker=1 pod=nginx-1 phase=Running ready=1/1 error=""
time=2026-09-03T21:01:48.571+03:30 level=INFO msg="queued all pods for status check" worker=2 count=1
time=2026-09-03T21:01:48.594+03:30 level=INFO msg="checked pod" worker=1 pod=nginx-1 phase=Running ready=1/1 error=""
time=2026-09-03T22:00:20.723+03:30 level=INFO msg="queued all pods for status check" worker=2 count=1
time=2026-09-03T22:00:20.743+03:30 level=INFO msg="checked pod" worker=1 pod=nginx-1 phase=Running ready=1/1 error=""
time=2026-09-03T22:45:47.546+03:30 level=INFO msg="queued all pods for status check" worker=2 count=1
time=2026-09-03T22:45:47.565+03:30 level=INFO msg="checked pod" worker=1 pod=nginx-1 phase=Running ready=1/1 error=""
time=2026-09-03T23:30:12.834+03:30 level=INFO msg="queued all pods for status check" worker=2 count=1
time=2026-09-03T23:30:12.853+03:30 level=INFO msg="checked pod" worker=1 pod=nginx-1 phase=Running ready=1/1 error=""
time=2026-09-04T00:46:32.618+03:30 level=INFO msg="queued all pods for status check" worker=2 count=1
time=2026-09-04T00:46:32.698+03:30 level=INFO msg="checked pod" worker=1 pod=nginx-1 phase=Running ready=1/1 error=""
time=2026-09-04T01:33:28.563+03:30 level=INFO msg="queued all pods for status check" worker=2 count=1
time=2026-09-04T01:33:28.583+03:30 level=INFO msg="checked pod" worker=1 pod=nginx-1 phase=Running ready=1/1 error=""
time=2026-09-04T03:10:51.279+03:30 level=INFO msg="queued all pods for status check" worker=2 count=1
time=2026-09-04T03:10:51.302+03:30 level=INFO msg="checked pod" worker=1 pod=nginx-1 phase=Running ready=1/1 error=""
time=2026-09-04T04:07:27.375+03:30 level=INFO msg="queued all pods for status check" worker=2 count=1
time=2026-09-04T04:07:27.388+03:30 level=INFO msg="checked pod" worker=1 pod=nginx-1 phase=Running ready=1/1 error=""
time=2026-09-04T05:25:37.711+03:30 level=INFO msg="queued all pods for status check" worker=2 count=1
time=2026-09-04T05:25:37.739+03:30 level=INFO msg="checked pod" worker=1 pod=nginx-1 phase=Running ready=1/1 error=""
time=2026-09-04T05:59:27.530+03:30 level=INFO msg="queued all pods for status check" worker=2 count=1
time=2026-09-04T05:59:27.545+03:30 level=INFO msg="checked pod" worker=1 pod=nginx-1 phase=Running ready=1/1 error=""
time=2026-09-04T06:37:09.654+03:30 level=INFO msg="queued all pods for status check" worker=2 count=1
time=2026-09-04T06:37:09.685+03:30 level=INFO msg="checked pod" worker=1 pod=nginx-1 phase=Running ready=1/1 error=""
time=2026-09-04T07:12:22.358+03:30 level=INFO msg="queued all pods for status check" worker=2 count=1
time=2026-09-04T07:12:22.378+03:30 level=INFO msg="checked pod" worker=1 pod=nginx-1 phase=Running ready=1/1 error=""
time=2026-09-04T08:09:54.338+03:30 level=INFO msg="queued all pods for status check" worker=2 count=1
time=2026-09-04T08:09:54.351+03:30 level=INFO msg="checked pod" worker=1 pod=nginx-1 phase=Running ready=1/1 error=""
time=2026-09-04T09:05:49.906+03:30 level=INFO msg="queued all pods for status check" worker=2 count=1
time=2026-09-04T09:05:49.929+03:30 level=INFO msg="checked pod" worker=1 pod=nginx-1 phase=Running ready=1/1 error=""
time=2026-09-04T09:49:59.006+03:30 level=INFO msg="queued all pods for status check" worker=2 count=1
time=2026-09-04T09:49:59.038+03:30 level=INFO msg="checked pod" worker=1 pod=nginx-1 phase=Running ready=1/1 error=""
time=2026-09-04T10:31:01.944+03:30 level=INFO msg="queued all pods for status check" worker=2 count=1
time=2026-09-04T10:31:01.964+03:30 level=INFO msg="checked pod" worker=1 pod=nginx-1 phase=Running ready=1/1 error=""
time=2026-09-04T11:29:04.546+03:30 level=INFO msg="queued all pods for status check" worker=2 count=1
time=2026-09-04T11:29:04.564+03:30 level=INFO msg="checked pod" worker=1 pod=nginx-1 phase=Running ready=1/1 error=""
time=2026-09-04T12:10:13.265+03:30 level=INFO msg="queued all pods for status check" worker=2 count=1
time=2026-09-04T12:10:13.285+03:30 level=INFO msg="checked pod" worker=1 pod=nginx-1 phase=Running ready=1/1 error=""
time=2026-09-04T12:28:32.934+03:30 level=INFO msg="queued all pods for status check" worker=2 count=1
time=2026-09-04T12:28:32.959+03:30 level=INFO msg="checked pod" worker=1 pod=nginx-1 phase=Running ready=1/1 error=""
time=2026-09-04T12:30:32.937+03:30 level=INFO msg="queued all pods for status check" worker=2 count=1
time=2026-09-04T12:30:32.957+03:30 level=INFO msg="checked pod" worker=1 pod=nginx-1 phase=Running ready=1/1 error=""
time=2026-09-04T12:32:32.939+03:30 level=INFO msg="queued all pods for status check" worker=2 count=1
time=2026-09-04T12:32:32.961+03:30 level=INFO msg="checked pod" worker=1 pod=nginx-1 phase=Running ready=1/1 error=""
time=2026-09-04T12:34:32.942+03:30 level=INFO msg="queued all pods for status check" worker=2 count=1
time=2026-09-04T12:34:32.964+03:30 level=INFO msg="checked pod" worker=1 pod=nginx-1 phase=Running ready=1/1 error=""
time=2026-09-04T12:36:32.944+03:30 level=INFO msg="queued all pods for status check" worker=2 count=1
time=2026-09-04T12:36:32.961+03:30 level=INFO msg="checked pod" worker=1 pod=nginx-1 phase=Running ready=1/1 error=""
time=2026-09-04T12:38:32.948+03:30 level=INFO msg="queued all pods for status check" worker=2 count=1
time=2026-09-04T12:38:32.965+03:30 level=INFO msg="checked pod" worker=1 pod=nginx-1 phase=Running ready=1/1 error=""
time=2026-09-04T12:40:32.951+03:30 level=INFO msg="queued all pods for status check" worker=2 count=1
time=2026-09-04T12:40:32.969+03:30 level=INFO msg="checked pod" worker=1 pod=nginx-1 phase=Running ready=1/1 error=""
time=2026-09-04T12:42:32.952+03:30 level=INFO msg="queued all pods for status check" worker=2 count=1
time=2026-09-04T12:42:32.968+03:30 level=INFO msg="checked pod" worker=1 pod=nginx-1 phase=Running ready=1/1 error=""
time=2026-09-04T12:44:32.957+03:30 level=INFO msg="queued all pods for status check" worker=2 count=1
time=2026-09-04T12:44:32.982+03:30 level=INFO msg="checked pod" worker=1 pod=nginx-1 phase=Running ready=1/1 error=""
time=2026-09-04T12:46:32.959+03:30 level=INFO msg="queued all pods for status check" worker=2 count=1
time=2026-09-04T12:46:32.980+03:30 level=INFO msg="checked pod" worker=1 pod=nginx-1 phase=Running ready=1/1 error=""
time=2026-09-04T12:48:32.964+03:30 level=INFO msg="queued all pods for status check" worker=2 count=1
time=2026-09-04T12:48:33.007+03:30 level=INFO msg="checked pod" worker=1 pod=nginx-1 phase=Running ready=1/1 error=""
time=2026-09-04T12:50:32.965+03:30 level=INFO msg="queued all pods for status check" worker=2 count=1
time=2026-09-04T12:50:32.983+03:30 level=INFO msg="checked pod" worker=1 pod=nginx-1 phase=Running ready=1/1 error=""
time=2026-09-04T12:52:32.968+03:30 level=INFO msg="queued all pods for status check" worker=2 count=1
time=2026-09-04T12:52:32.999+03:30 level=INFO msg="checked pod" worker=1 pod=nginx-1 phase=Running ready=1/1 error=""
time=2026-09-04T12:54:32.970+03:30 level=INFO msg="queued all pods for status check" worker=2 count=1
time=2026-09-04T12:54:32.995+03:30 level=INFO msg="checked pod" worker=1 pod=nginx-1 phase=Running ready=1/1 error=""
time=2026-09-04T12:56:32.973+03:30 level=INFO msg="queued all pods for status check" worker=2 count=1
time=2026-09-04T12:56:32.994+03:30 level=INFO msg="checked pod" worker=1 pod=nginx-1 phase=Running ready=1/1 error=""
time=2026-09-04T12:58:32.975+03:30 level=INFO msg="queued all pods for status check" worker=2 count=1
time=2026-09-04T12:58:32.996+03:30 level=INFO msg="checked pod" worker=1 pod=nginx-1 phase=Running ready=1/1 error=""
time=2026-09-04T13:00:32.965+03:30 level=INFO msg="queued all pods for status check" worker=2 count=1
time=2026-09-04T13:00:32.987+03:30 level=INFO msg="checked pod" worker=1 pod=nginx-1 phase=Running ready=1/1 error=""
time=2026-09-04T13:02:32.969+03:30 level=INFO msg="queued all pods for status check" worker=2 count=1
time=2026-09-04T13:02:33.004+03:30 level=INFO msg="checked pod" worker=1 pod=nginx-1 phase=Running ready=1/1 error=""
time=2026-09-04T13:04:32.970+03:30 level=INFO msg="queued all pods for status check" worker=2 count=1
time=2026-09-04T13:04:32.995+03:30 level=INFO msg="checked pod" worker=1 pod=nginx-1 phase=Running ready=1/1 error=""
time=2026-09-04T13:06:32.973+03:30 level=INFO msg="queued all pods for status check" worker=2 count=1
time=2026-09-04T13:06:32.991+03:30 level=INFO msg="checked pod" worker=1 pod=nginx-1 phase=Running ready=1/1 error=""
time=2026-09-04T13:08:32.975+03:30 level=INFO msg="queued all pods for status check" worker=2 count=1
time=2026-09-04T13:08:32.993+03:30 level=INFO msg="checked pod" worker=1 pod=nginx-1 phase=Running ready=1/1 error=""
time=2026-09-04T13:10:32.977+03:30 level=INFO msg="queued all pods for status check" worker=2 count=1
time=2026-09-04T13:10:32.995+03:30 level=INFO msg="checked pod" worker=1 pod=nginx-1 phase=Running ready=1/1 error=""
time=2026-09-04T13:12:32.980+03:30 level=INFO msg="queued all pods for status check" worker=2 count=1
time=2026-09-04T13:12:33.005+03:30 level=INFO msg="checked pod" worker=1 pod=nginx-1 phase=Running ready=1/1 error=""
time=2026-09-04T13:14:32.982+03:30 level=INFO msg="queued all pods for status check" worker=2 count=1
time=2026-09-04T13:14:32.997+03:30 level=INFO msg="checked pod" worker=1 pod=nginx-1 phase=Running ready=1/1 error=""
time=2026-09-04T13:16:32.957+03:30 level=INFO msg="queued all pods for status check" worker=2 count=1
time=2026-09-04T13:16:32.988+03:30 level=INFO msg="checked pod" worker=1 pod=nginx-1 phase=Running ready=1/1 error=""
time=2026-09-04T13:18:32.958+03:30 level=INFO msg="queued all pods for status check" worker=2 count=1
time=2026-09-04T13:18:32.981+03:30 level=INFO msg="checked pod" worker=1 pod=nginx-1 phase=Running ready=1/1 error=""
time=2026-09-04T13:20:32.960+03:30 level=INFO msg="queued all pods for status check" worker=2 count=1
time=2026-09-04T13:20:32.979+03:30 level=INFO msg="checked pod" worker=1 pod=nginx-1 phase=Running ready=1/1 error=""
time=2026-09-04T13:22:32.962+03:30 level=INFO msg="queued all pods for status check" worker=2 count=1
time=2026-09-04T13:22:32.980+03:30 level=INFO msg="checked pod" worker=1 pod=nginx-1 phase=Running ready=1/1 error=""
time=2026-09-04T13:24:32.964+03:30 level=INFO msg="queued all pods for status check" worker=2 count=1
time=2026-09-04T13:24:32.988+03:30 level=INFO msg="checked pod" worker=1 pod=nginx-1 phase=Running ready=1/1 error=""
time=2026-09-04T13:26:32.966+03:30 level=INFO msg="queued all pods for status check" worker=2 count=1
time=2026-09-04T13:26:32.987+03:30 level=INFO msg="checked pod" worker=1 pod=nginx-1 phase=Running ready=1/1 error=""
time=2026-09-04T13:28:32.968+03:30 level=INFO msg="queued all pods for status check" worker=2 count=1
time=2026-09-04T13:28:32.986+03:30 level=INFO msg="checked pod" worker=1 pod=nginx-1 phase=Running ready=1/1 error=""
time=2026-09-04T13:30:32.969+03:30 level=INFO msg="queued all pods for status check" worker=2 count=1
time=2026-09-04T13:30:32.993+03:30 level=INFO msg="checked pod" worker=1 pod=nginx-1 phase=Running ready=1/1 error=""
time=2026-09-04T13:32:32.894+03:30 level=INFO msg="queued all pods for status check" worker=2 count=1
time=2026-09-04T13:32:32.916+03:30 level=INFO msg="checked pod" worker=1 pod=nginx-1 phase=Running ready=1/1 error=""
time=2026-09-04T13:34:32.894+03:30 level=INFO msg="queued all pods for status check" worker=2 count=1
time=2026-09-04T13:34:32.917+03:30 level=INFO msg="checked pod" worker=1 pod=nginx-1 phase=Running ready=1/1 error=""
time=2026-09-04T13:36:32.895+03:30 level=INFO msg="queued all pods for status check" worker=2 count=1
time=2026-09-04T13:36:32.915+03:30 level=INFO msg="checked pod" worker=1 pod=nginx-1 phase=Running ready=1/1 error=""
time=2026-09-04T13:38:32.897+03:30 level=INFO msg="queued all pods for status check" worker=2 count=1
time=2026-09-04T13:38:32.917+03:30 level=INFO msg="checked pod" worker=1 pod=nginx-1 phase=Running ready=1/1 error=""
time=2026-09-04T13:40:32.898+03:30 level=INFO msg="queued all pods for status check" worker=2 count=1
time=2026-09-04T13:40:32.920+03:30 level=INFO msg="checked pod" worker=1 pod=nginx-1 phase=Running ready=1/1 error=""
time=2026-09-04T13:42:32.898+03:30 level=INFO msg="queued all pods for status check" worker=2 count=1
time=2026-09-04T13:42:32.917+03:30 level=INFO msg="checked pod" worker=1 pod=nginx-1 phase=Running ready=1/1 error=""
time=2026-09-04T13:44:32.899+03:30 level=INFO msg="queued all pods for status check" worker=2 count=1
time=2026-09-04T13:44:32.918+03:30 level=INFO msg="checked pod" worker=1 pod=nginx-1 phase=Running ready=1/1 error=""
time=2026-09-04T13:46:32.898+03:30 level=INFO msg="queued all pods for status check" worker=2 count=1
time=2026-09-04T13:46:32.918+03:30 level=INFO msg="checked pod" worker=1 pod=nginx-1 phase=Running ready=1/1 error=""
time=2026-09-04T13:48:32.875+03:30 level=INFO msg="queued all pods for status check" worker=2 count=1
time=2026-09-04T13:48:32.893+03:30 level=INFO msg="checked pod" worker=1 pod=nginx-1 phase=Running ready=1/1 error=""
time=2026-09-04T13:50:32.875+03:30 level=INFO msg="queued all pods for status check" worker=2 count=1
time=2026-09-04T13:50:32.895+03:30 level=INFO msg="checked pod" worker=1 pod=nginx-1 phase=Running ready=1/1 error=""
time=2026-09-04T13:52:32.875+03:30 level=INFO msg="queued all pods for status check" worker=2 count=1
time=2026-09-04T13:52:32.894+03:30 level=INFO msg="checked pod" worker=1 pod=nginx-1 phase=Running ready=1/1 error=""
time=2026-09-04T13:54:32.876+03:30 level=INFO msg="queued all pods for status check" worker=2 count=1
time=2026-09-04T13:54:32.897+03:30 level=INFO msg="checked pod" worker=1 pod=nginx-1 phase=Running ready=1/1 error=""
time=2026-09-04T13:56:32.876+03:30 level=INFO msg="queued all pods for status check" worker=2 count=1
time=2026-09-04T13:56:32.896+03:30 level=INFO msg="checked pod" worker=1 pod=nginx-1 phase=Running ready=1/1 error=""
time=2026-09-04T13:58:32.875+03:30 level=INFO msg="queued all pods for status check" worker=2 count=1
time=2026-09-04T13:58:32.897+03:30 level=INFO msg="checked pod" worker=1 pod=nginx-1 phase=Running ready=1/1 error=""
time=2026-09-04T14:00:32.876+03:30 level=INFO msg="queued all pods for status check" worker=2 count=1
time=2026-09-04T14:00:32.895+03:30 level=INFO msg="checked pod" worker=1 pod=nginx-1 phase=Running ready=1/1 error=""
time=2026-09-04T14:02:32.877+03:30 level=INFO msg="queued all pods for status check" worker=2 count=1
time=2026-09-04T14:02:32.897+03:30 level=INFO msg="checked pod" worker=1 pod=nginx-1 phase=Running ready=1/1 error=""
time=2026-09-04T14:04:32.834+03:30 level=INFO msg="queued all pods for status check" worker=2 count=1
time=2026-09-04T14:04:32.852+03:30 level=INFO msg="checked pod" worker=1 pod=nginx-1 phase=Running ready=1/1 error=""
time=2026-09-04T14:06:32.833+03:30 level=INFO msg="queued all pods for status check" worker=2 count=1
time=2026-09-04T14:06:32.853+03:30 level=INFO msg="checked pod" worker=1 pod=nginx-1 phase=Running ready=1/1 error=""
time=2026-09-04T14:08:32.832+03:30 level=INFO msg="queued all pods for status check" worker=2 count=1
time=2026-09-04T14:08:32.853+03:30 level=INFO msg="checked pod" worker=1 pod=nginx-1 phase=Running ready=1/1 error=""
time=2026-09-04T14:10:32.832+03:30 level=INFO msg="queued all pods for status check" worker=2 count=1
time=2026-09-04T14:10:32.855+03:30 level=INFO msg="checked pod" worker=1 pod=nginx-1 phase=Running ready=1/1 error=""
time=2026-09-04T14:12:32.831+03:30 level=INFO msg="queued all pods for status check" worker=2 count=1
time=2026-09-04T14:12:32.850+03:30 level=INFO msg="checked pod" worker=1 pod=nginx-1 phase=Running ready=1/1 error=""
time=2026-09-04T14:14:32.831+03:30 level=INFO msg="queued all pods for status check" worker=2 count=1
time=2026-09-04T14:14:32.848+03:30 level=INFO msg="checked pod" worker=1 pod=nginx-1 phase=Running ready=1/1 error=""
time=2026-09-04T14:16:32.831+03:30 level=INFO msg="queued all pods for status check" worker=2 count=1
time=2026-09-04T14:16:32.852+03:30 level=INFO msg="checked pod" worker=1 pod=nginx-1 phase=Running ready=1/1 error=""
time=2026-09-04T14:18:32.829+03:30 level=INFO msg="queued all pods for status check" worker=2 count=1
time=2026-09-04T14:18:32.846+03:30 level=INFO msg="checked pod" worker=1 pod=nginx-1 phase=Running ready=1/1 error=""
time=2026-09-04T14:20:32.654+03:30 level=INFO msg="queued all pods for status check" worker=2 count=1
time=2026-09-04T14:20:32.671+03:30 level=INFO msg="checked pod" worker=1 pod=nginx-1 phase=Running ready=1/1 error=""
time=2026-09-04T14:22:32.651+03:30 level=INFO msg="queued all pods for status check" worker=2 count=1
time=2026-09-04T14:22:32.670+03:30 level=INFO msg="checked pod" worker=1 pod=nginx-1 phase=Running ready=1/1 error=""
time=2026-09-04T14:24:32.648+03:30 level=INFO msg="queued all pods for status check" worker=2 count=1
time=2026-09-04T14:24:32.666+03:30 level=INFO msg="checked pod" worker=1 pod=nginx-1 phase=Running ready=1/1 error=""
time=2026-09-04T15:15:42.056+03:30 level=INFO msg="queued all pods for status check" worker=2 count=1
time=2026-09-04T15:15:42.077+03:30 level=INFO msg="checked pod" worker=1 pod=nginx-1 phase=Running ready=1/1 error=""
time=2026-09-04T15:52:22.126+03:30 level=INFO msg="queued all pods for status check" worker=2 count=1
time=2026-09-04T15:52:22.151+03:30 level=INFO msg="checked pod" worker=1 pod=nginx-1 phase=Running ready=1/1 error=""
time=2026-09-04T15:54:22.126+03:30 level=INFO msg="queued all pods for status check" worker=2 count=1
time=2026-09-04T15:54:22.129+03:30 level=INFO msg="checked pod" worker=1 pod=nginx-1 phase="" ready="" error="Get \"https://127.0.0.1:65123/api/v1/namespaces/pod-manager/pods/nginx-1\": dial tcp 127.0.0.1:65123: connect: connection refused"
time=2026-09-04T15:56:22.126+03:30 level=INFO msg="queued all pods for status check" worker=2 count=1
time=2026-09-04T15:56:22.127+03:30 level=INFO msg="checked pod" worker=1 pod=nginx-1 phase="" ready="" error="Get \"https://127.0.0.1:65123/api/v1/namespaces/pod-manager/pods/nginx-1\": dial tcp 127.0.0.1:65123: connect: connection refused"
time=2026-09-04T15:58:22.125+03:30 level=INFO msg="queued all pods for status check" worker=2 count=1
time=2026-09-04T15:58:22.128+03:30 level=INFO msg="checked pod" worker=1 pod=nginx-1 phase="" ready="" error="Get \"https://127.0.0.1:65123/api/v1/namespaces/pod-manager/pods/nginx-1\": dial tcp 127.0.0.1:65123: connect: connection refused"
time=2026-09-04T16:00:22.124+03:30 level=INFO msg="queued all pods for status check" worker=2 count=1
time=2026-09-04T16:00:22.125+03:30 level=INFO msg="checked pod" worker=1 pod=nginx-1 phase="" ready="" error="Get \"https://127.0.0.1:65123/api/v1/namespaces/pod-manager/pods/nginx-1\": dial tcp 127.0.0.1:65123: connect: connection refused"
time=2026-09-04T16:02:22.124+03:30 level=INFO msg="queued all pods for status check" worker=2 count=1
time=2026-09-04T16:02:22.125+03:30 level=INFO msg="checked pod" worker=1 pod=nginx-1 phase="" ready="" error="Get \"https://127.0.0.1:65123/api/v1/namespaces/pod-manager/pods/nginx-1\": dial tcp 127.0.0.1:65123: connect: connection refused"
time=2026-09-04T16:04:22.124+03:30 level=INFO msg="queued all pods for status check" worker=2 count=1
time=2026-09-04T16:04:22.125+03:30 level=INFO msg="checked pod" worker=1 pod=nginx-1 phase="" ready="" error="Get \"https://127.0.0.1:65123/api/v1/namespaces/pod-manager/pods/nginx-1\": dial tcp 127.0.0.1:65123: connect: connection refused"
time=2026-09-04T16:06:22.123+03:30 level=INFO msg="queued all pods for status check" worker=2 count=1
time=2026-09-04T16:06:22.124+03:30 level=INFO msg="checked pod" worker=1 pod=nginx-1 phase="" ready="" error="Get \"https://127.0.0.1:65123/api/v1/namespaces/pod-manager/pods/nginx-1\": dial tcp 127.0.0.1:65123: connect: connection refused"
time=2026-09-04T16:08:22.208+03:30 level=INFO msg="queued all pods for status check" worker=2 count=1
time=2026-09-04T16:08:22.209+03:30 level=INFO msg="checked pod" worker=1 pod=nginx-1 phase="" ready="" error="Get \"https://127.0.0.1:65123/api/v1/namespaces/pod-manager/pods/nginx-1\": dial tcp 127.0.0.1:65123: connect: connection refused"
time=2026-09-04T16:10:22.209+03:30 level=INFO msg="queued all pods for status check" worker=2 count=1
time=2026-09-04T16:10:22.212+03:30 level=INFO msg="checked pod" worker=1 pod=nginx-1 phase="" ready="" error="Get \"https://127.0.0.1:65123/api/v1/namespaces/pod-manager/pods/nginx-1\": dial tcp 127.0.0.1:65123: connect: connection refused"
time=2026-09-04T16:12:22.210+03:30 level=INFO msg="queued all pods for status check" worker=2 count=1
time=2026-09-04T16:12:22.211+03:30 level=INFO msg="checked pod" worker=1 pod=nginx-1 phase="" ready="" error="Get \"https://127.0.0.1:65123/api/v1/namespaces/pod-manager/pods/nginx-1\": dial tcp 127.0.0.1:65123: connect: connection refused"
time=2026-09-04T16:14:22.211+03:30 level=INFO msg="queued all pods for status check" worker=2 count=1
time=2026-09-04T16:14:22.212+03:30 level=INFO msg="checked pod" worker=1 pod=nginx-1 phase="" ready="" error="Get \"https://127.0.0.1:65123/api/v1/namespaces/pod-manager/pods/nginx-1\": dial tcp 127.0.0.1:65123: connect: connection refused"
time=2026-09-04T16:16:22.211+03:30 level=INFO msg="queued all pods for status check" worker=2 count=1
time=2026-09-04T16:16:22.214+03:30 level=INFO msg="checked pod" worker=1 pod=nginx-1 phase="" ready="" error="Get \"https://127.0.0.1:65123/api/v1/namespaces/pod-manager/pods/nginx-1\": dial tcp 127.0.0.1:65123: connect: connection refused"
time=2026-09-04T16:18:22.212+03:30 level=INFO msg="queued all pods for status check" worker=2 count=1
time=2026-09-04T16:18:22.213+03:30 level=INFO msg="checked pod" worker=1 pod=nginx-1 phase="" ready="" error="Get \"https://127.0.0.1:65123/api/v1/namespaces/pod-manager/pods/nginx-1\": dial tcp 127.0.0.1:65123: connect: connection refused"
time=2026-09-04T16:20:22.212+03:30 level=INFO msg="queued all pods for status check" worker=2 count=1
time=2026-09-04T16:20:22.214+03:30 level=INFO msg="checked pod" worker=1 pod=nginx-1 phase="" ready="" error="Get \"https://127.0.0.1:65123/api/v1/namespaces/pod-manager/pods/nginx-1\": dial tcp 127.0.0.1:65123: connect: connection refused"
time=2026-09-04T16:22:22.214+03:30 level=INFO msg="queued all pods for status check" worker=2 count=1
time=2026-09-04T16:22:22.216+03:30 level=INFO msg="checked pod" worker=1 pod=nginx-1 phase="" ready="" error="Get \"https://127.0.0.1:65123/api/v1/namespaces/pod-manager/pods/nginx-1\": dial tcp 127.0.0.1:65123: connect: connection refused"
time=2026-09-04T16:24:22.217+03:30 level=INFO msg="queued all pods for status check" worker=2 count=1
time=2026-09-04T16:24:22.218+03:30 level=INFO msg="checked pod" worker=1 pod=nginx-1 phase="" ready="" error="Get \"https://127.0.0.1:65123/api/v1/namespaces/pod-manager/pods/nginx-1\": dial tcp 127.0.0.1:65123: connect: connection refused"
time=2026-09-04T16:26:22.218+03:30 level=INFO msg="queued all pods for status check" worker=2 count=1
time=2026-09-04T16:26:22.219+03:30 level=INFO msg="checked pod" worker=1 pod=nginx-1 phase="" ready="" error="Get \"https://127.0.0.1:65123/api/v1/namespaces/pod-manager/pods/nginx-1\": dial tcp 127.0.0.1:65123: connect: connection refused"
time=2026-09-04T16:28:22.219+03:30 level=INFO msg="queued all pods for status check" worker=2 count=1
time=2026-09-04T16:28:22.221+03:30 level=INFO msg="checked pod" worker=1 pod=nginx-1 phase="" ready="" error="Get \"https://127.0.0.1:65123/api/v1/namespaces/pod-manager/pods/nginx-1\": dial tcp 127.0.0.1:65123: connect: connection refused"
time=2026-09-04T16:30:22.219+03:30 level=INFO msg="queued all pods for status check" worker=2 count=1
time=2026-09-04T16:30:22.220+03:30 level=INFO msg="checked pod" worker=1 pod=nginx-1 phase="" ready="" error="Get \"https://127.0.0.1:65123/api/v1/namespaces/pod-manager/pods/nginx-1\": dial tcp 127.0.0.1:65123: connect: connection refused"
time=2026-09-04T16:38:50.463+03:30 level=INFO msg="queued all pods for status check" worker=2 count=1
time=2026-09-04T16:38:50.464+03:30 level=INFO msg="checked pod" worker=1 pod=nginx-1 phase="" ready="" error="Get \"https://127.0.0.1:65123/api/v1/namespaces/pod-manager/pods/nginx-1\": dial tcp 127.0.0.1:65123: connect: connection refused"
time=2026-09-04T16:40:50.464+03:30 level=INFO msg="queued all pods for status check" worker=2 count=1
time=2026-09-04T16:40:50.467+03:30 level=INFO msg="checked pod" worker=1 pod=nginx-1 phase="" ready="" error="Get \"https://127.0.0.1:65123/api/v1/namespaces/pod-manager/pods/nginx-1\": dial tcp 127.0.0.1:65123: connect: connection refused"
time=2026-09-04T16:42:50.464+03:30 level=INFO msg="queued all pods for status check" worker=2 count=1
time=2026-09-04T16:42:50.465+03:30 level=INFO msg="checked pod" worker=1 pod=nginx-1 phase="" ready="" error="Get \"https://127.0.0.1:65123/api/v1/namespaces/pod-manager/pods/nginx-1\": dial tcp 127.0.0.1:65123: connect: connection refused"
time=2026-09-04T16:52:41.640+03:30 level=INFO msg="queued all pods for status check" worker=2 count=1
time=2026-09-04T16:52:41.641+03:30 level=INFO msg="checked pod" worker=1 pod=nginx-1 phase="" ready="" error="Get \"https://127.0.0.1:65123/api/v1/namespaces/pod-manager/pods/nginx-1\": dial tcp 127.0.0.1:65123: connect: connection refused"
time=2026-09-04T16:54:41.641+03:30 level=INFO msg="queued all pods for status check" worker=2 count=1
time=2026-09-04T16:54:41.643+03:30 level=INFO msg="checked pod" worker=1 pod=nginx-1 phase="" ready="" error="Get \"https://127.0.0.1:65123/api/v1/namespaces/pod-manager/pods/nginx-1\": dial tcp 127.0.0.1:65123: connect: connection refused"
time=2026-09-04T16:56:41.640+03:30 level=INFO msg="queued all pods for status check" worker=2 count=1
time=2026-09-04T16:56:41.641+03:30 level=INFO msg="checked pod" worker=1 pod=nginx-1 phase="" ready="" error="Get \"https://127.0.0.1:65123/api/v1/namespaces/pod-manager/pods/nginx-1\": dial tcp 127.0.0.1:65123: connect: connection refused"
time=2026-09-04T16:58:41.640+03:30 level=INFO msg="queued all pods for status check" worker=2 count=1
time=2026-09-04T16:58:41.641+03:30 level=INFO msg="checked pod" worker=1 pod=nginx-1 phase="" ready="" error="Get \"https://127.0.0.1:65123/api/v1/namespaces/pod-manager/pods/nginx-1\": dial tcp 127.0.0.1:65123: connect: connection refused"
time=2026-09-04T17:00:58.715+03:30 level=INFO msg="queued all pods for status check" worker=2 count=1
time=2026-09-04T17:00:58.718+03:30 level=INFO msg="checked pod" worker=1 pod=nginx-1 phase="" ready="" error="Get \"https://127.0.0.1:65123/api/v1/namespaces/pod-manager/pods/nginx-1\": dial tcp 127.0.0.1:65123: connect: connection refused"
time=2026-09-04T17:02:58.716+03:30 level=INFO msg="queued all pods for status check" worker=2 count=1
time=2026-09-04T17:02:58.718+03:30 level=INFO msg="checked pod" worker=1 pod=nginx-1 phase="" ready="" error="Get \"https://127.0.0.1:65123/api/v1/namespaces/pod-manager/pods/nginx-1\": dial tcp 127.0.0.1:65123: connect: connection refused"
time=2026-09-04T17:04:58.714+03:30 level=INFO msg="queued all pods for status check" worker=2 count=1
time=2026-09-04T17:04:58.715+03:30 level=INFO msg="checked pod" worker=1 pod=nginx-1 phase="" ready="" error="Get \"https://127.0.0.1:65123/api/v1/namespaces/pod-manager/pods/nginx-1\": dial tcp 127.0.0.1:65123: connect: connection refused"
time=2026-09-04T17:06:58.714+03:30 level=INFO msg="queued all pods for status check" worker=2 count=1
time=2026-09-04T17:06:58.716+03:30 level=INFO msg="checked pod" worker=1 pod=nginx-1 phase="" ready="" error="Get \"https://127.0.0.1:65123/api/v1/namespaces/pod-manager/pods/nginx-1\": dial tcp 127.0.0.1:65123: connect: connection refused"
time=2026-09-04T17:08:58.782+03:30 level=INFO msg="queued all pods for status check" worker=2 count=1
time=2026-09-04T17:08:58.783+03:30 level=INFO msg="checked pod" worker=1 pod=nginx-1 phase="" ready="" error="Get \"https://127.0.0.1:65123/api/v1/namespaces/pod-manager/pods/nginx-1\": dial tcp 127.0.0.1:65123: connect: connection refused"
time=2026-09-04T17:10:58.783+03:30 level=INFO msg="queued all pods for status check" worker=2 count=1
time=2026-09-04T17:10:58.784+03:30 level=INFO msg="checked pod" worker=1 pod=nginx-1 phase="" ready="" error="Get \"https://127.0.0.1:65123/api/v1/namespaces/pod-manager/pods/nginx-1\": dial tcp 127.0.0.1:65123: connect: connection refused"
time=2026-09-04T17:12:58.784+03:30 level=INFO msg="queued all pods for status check" worker=2 count=1
time=2026-09-04T17:12:58.786+03:30 level=INFO msg="checked pod" worker=1 pod=nginx-1 phase="" ready="" error="Get \"https://127.0.0.1:65123/api/v1/namespaces/pod-manager/pods/nginx-1\": dial tcp 127.0.0.1:65123: connect: connection refused"
time=2026-09-04T17:14:58.784+03:30 level=INFO msg="queued all pods for status check" worker=2 count=1
time=2026-09-04T17:14:58.786+03:30 level=INFO msg="checked pod" worker=1 pod=nginx-1 phase="" ready="" error="Get \"https://127.0.0.1:65123/api/v1/namespaces/pod-manager/pods/nginx-1\": dial tcp 127.0.0.1:65123: connect: connection refused"
time=2026-09-04T17:16:58.785+03:30 level=INFO msg="queued all pods for status check" worker=2 count=1
time=2026-09-04T17:16:58.786+03:30 level=INFO msg="checked pod" worker=1 pod=nginx-1 phase="" ready="" error="Get \"https://127.0.0.1:65123/api/v1/namespaces/pod-manager/pods/nginx-1\": dial tcp 127.0.0.1:65123: connect: connection refused"
time=2026-09-04T17:18:58.786+03:30 level=INFO msg="queued all pods for status check" worker=2 count=1
time=2026-09-04T17:18:58.787+03:30 level=INFO msg="checked pod" worker=1 pod=nginx-1 phase="" ready="" error="Get \"https://127.0.0.1:65123/api/v1/namespaces/pod-manager/pods/nginx-1\": dial tcp 127.0.0.1:65123: connect: connection refused"
time=2026-09-04T17:20:58.787+03:30 level=INFO msg="queued all pods for status check" worker=2 count=1
time=2026-09-04T17:20:58.788+03:30 level=INFO msg="checked pod" worker=1 pod=nginx-1 phase="" ready="" error="Get \"https://127.0.0.1:65123/api/v1/namespaces/pod-manager/pods/nginx-1\": dial tcp 127.0.0.1:65123: connect: connection refused"
time=2026-09-04T17:22:58.787+03:30 level=INFO msg="queued all pods for status check" worker=2 count=1
time=2026-09-04T17:22:58.788+03:30 level=INFO msg="checked pod" worker=1 pod=nginx-1 phase="" ready="" error="Get \"https://127.0.0.1:65123/api/v1/namespaces/pod-manager/pods/nginx-1\": dial tcp 127.0.0.1:65123: connect: connection refused"
time=2026-09-04T17:24:58.860+03:30 level=INFO msg="queued all pods for status check" worker=2 count=1
time=2026-09-04T17:24:58.861+03:30 level=INFO msg="checked pod" worker=1 pod=nginx-1 phase="" ready="" error="Get \"https://127.0.0.1:65123/api/v1/namespaces/pod-manager/pods/nginx-1\": dial tcp 127.0.0.1:65123: connect: connection refused"
time=2026-09-04T17:26:58.861+03:30 level=INFO msg="queued all pods for status check" worker=2 count=1
time=2026-09-04T17:26:58.862+03:30 level=INFO msg="checked pod" worker=1 pod=nginx-1 phase="" ready="" error="Get \"https://127.0.0.1:65123/api/v1/namespaces/pod-manager/pods/nginx-1\": dial tcp 127.0.0.1:65123: connect: connection refused"
time=2026-09-04T17:28:58.863+03:30 level=INFO msg="queued all pods for status check" worker=2 count=1
time=2026-09-04T17:28:58.864+03:30 level=INFO msg="checked pod" worker=1 pod=nginx-1 phase="" ready="" error="Get \"https://127.0.0.1:65123/api/v1/namespaces/pod-manager/pods/nginx-1\": dial tcp 127.0.0.1:65123: connect: connection refused"
time=2026-09-04T17:30:58.865+03:30 level=INFO msg="queued all pods for status check" worker=2 count=1
time=2026-09-04T17:30:58.866+03:30 level=INFO msg="checked pod" worker=1 pod=nginx-1 phase="" ready="" error="Get \"https://127.0.0.1:65123/api/v1/namespaces/pod-manager/pods/nginx-1\": dial tcp 127.0.0.1:65123: connect: connection refused"
time=2026-09-04T17:32:58.867+03:30 level=INFO msg="queued all pods for status check" worker=2 count=1
time=2026-09-04T17:32:58.870+03:30 level=INFO msg="checked pod" worker=1 pod=nginx-1 phase="" ready="" error="Get \"https://127.0.0.1:65123/api/v1/namespaces/pod-manager/pods/nginx-1\": dial tcp 127.0.0.1:65123: connect: connection refused"
time=2026-09-04T17:34:58.868+03:30 level=INFO msg="queued all pods for status check" worker=2 count=1
time=2026-09-04T17:34:58.869+03:30 level=INFO msg="checked pod" worker=1 pod=nginx-1 phase="" ready="" error="Get \"https://127.0.0.1:65123/api/v1/namespaces/pod-manager/pods/nginx-1\": dial tcp 127.0.0.1:65123: connect: connection refused"
time=2026-09-04T17:36:58.872+03:30 level=INFO msg="queued all pods for status check" worker=2 count=1
time=2026-09-04T17:36:58.874+03:30 level=INFO msg="checked pod" worker=1 pod=nginx-1 phase="" ready="" error="Get \"https://127.0.0.1:65123/api/v1/namespaces/pod-manager/pods/nginx-1\": dial tcp 127.0.0.1:65123: connect: connection refused"
time=2026-09-04T17:38:58.873+03:30 level=INFO msg="queued all pods for status check" worker=2 count=1
time=2026-09-04T17:38:58.874+03:30 level=INFO msg="checked pod" worker=1 pod=nginx-1 phase="" ready="" error="Get \"https://127.0.0.1:65123/api/v1/namespaces/pod-manager/pods/nginx-1\": dial tcp 127.0.0.1:65123: connect: connection refused"
time=2026-09-04T17:40:58.853+03:30 level=INFO msg="queued all pods for status check" worker=2 count=1
time=2026-09-04T17:40:58.854+03:30 level=INFO msg="checked pod" worker=1 pod=nginx-1 phase="" ready="" error="Get \"https://127.0.0.1:65123/api/v1/namespaces/pod-manager/pods/nginx-1\": dial tcp 127.0.0.1:65123: connect: connection refused"
time=2026-09-04T17:42:58.854+03:30 level=INFO msg="queued all pods for status check" worker=2 count=1
time=2026-09-04T17:42:58.855+03:30 level=INFO msg="checked pod" worker=1 pod=nginx-1 phase="" ready="" error="Get \"https://127.0.0.1:65123/api/v1/namespaces/pod-manager/pods/nginx-1\": dial tcp 127.0.0.1:65123: connect: connection refused"
time=2026-09-04T17:52:10.732+03:30 level=INFO msg="queued all pods for status check" worker=2 count=1
time=2026-09-04T17:52:10.733+03:30 level=INFO msg="checked pod" worker=1 pod=nginx-1 phase="" ready="" error="Get \"https://127.0.0.1:65123/api/v1/namespaces/pod-manager/pods/nginx-1\": dial tcp 127.0.0.1:65123: connect: connection refused"
time=2026-09-04T18:18:55.177+03:30 level=INFO msg="queued all pods for status check" worker=2 count=1
time=2026-09-04T18:18:55.177+03:30 level=INFO msg="checked pod" worker=1 pod=nginx-1 phase="" ready="" error="Get \"https://127.0.0.1:65123/api/v1/namespaces/pod-manager/pods/nginx-1\": dial tcp 127.0.0.1:65123: connect: connection refused"
time=2026-09-04T19:05:20.826+03:30 level=INFO msg="queued all pods for status check" worker=2 count=1
time=2026-09-04T19:05:20.829+03:30 level=INFO msg="checked pod" worker=1 pod=nginx-1 phase="" ready="" error="Get \"https://127.0.0.1:65123/api/v1/namespaces/pod-manager/pods/nginx-1\": dial tcp 127.0.0.1:65123: connect: connection refused"
time=2026-09-04T19:29:47.052+03:30 level=INFO msg="queued all pods for status check" worker=2 count=1
time=2026-09-04T19:29:47.053+03:30 level=INFO msg="checked pod" worker=1 pod=nginx-1 phase="" ready="" error="Get \"https://127.0.0.1:65123/api/v1/namespaces/pod-manager/pods/nginx-1\": dial tcp 127.0.0.1:65123: connect: connection refused"
time=2026-09-04T20:06:46.007+03:30 level=INFO msg="queued all pods for status check" worker=2 count=1
time=2026-09-04T20:06:46.008+03:30 level=INFO msg="checked pod" worker=1 pod=nginx-1 phase="" ready="" error="Get \"https://127.0.0.1:65123/api/v1/namespaces/pod-manager/pods/nginx-1\": dial tcp 127.0.0.1:65123: connect: connection refused"
time=2026-09-04T20:52:25.142+03:30 level=INFO msg="queued all pods for status check" worker=2 count=1
time=2026-09-04T20:52:25.145+03:30 level=INFO msg="checked pod" worker=1 pod=nginx-1 phase="" ready="" error="Get \"https://127.0.0.1:65123/api/v1/namespaces/pod-manager/pods/nginx-1\": dial tcp 127.0.0.1:65123: connect: connection refused"
time=2026-09-04T23:03:46.293+03:30 level=INFO msg="queued all pods for status check" worker=2 count=1
time=2026-09-04T23:03:46.294+03:30 level=INFO msg="checked pod" worker=1 pod=nginx-1 phase="" ready="" error="Get \"https://127.0.0.1:65123/api/v1/namespaces/pod-manager/pods/nginx-1\": dial tcp 127.0.0.1:65123: connect: connection refused"
time=2026-09-05T00:45:30.228+03:30 level=INFO msg="queued all pods for status check" worker=2 count=1
time=2026-09-05T00:45:30.229+03:30 level=INFO msg="checked pod" worker=1 pod=nginx-1 phase="" ready="" error="Get \"https://127.0.0.1:65123/api/v1/namespaces/pod-manager/pods/nginx-1\": dial tcp 127.0.0.1:65123: connect: connection refused"
time=2026-09-05T00:47:30.230+03:30 level=INFO msg="queued all pods for status check" worker=2 count=1
time=2026-09-05T00:47:30.233+03:30 level=INFO msg="checked pod" worker=1 pod=nginx-1 phase="" ready="" error="Get \"https://127.0.0.1:65123/api/v1/namespaces/pod-manager/pods/nginx-1\": dial tcp 127.0.0.1:65123: connect: connection refused"
time=2026-09-05T00:49:30.233+03:30 level=INFO msg="queued all pods for status check" worker=2 count=1
time=2026-09-05T00:49:30.249+03:30 level=INFO msg="checked pod" worker=1 pod=nginx-1 phase="" ready="" error="Get \"https://127.0.0.1:65123/api/v1/namespaces/pod-manager/pods/nginx-1\": dial tcp 127.0.0.1:65123: connect: connection refused"
time=2026-09-05T00:51:30.235+03:30 level=INFO msg="queued all pods for status check" worker=2 count=1
time=2026-09-05T00:51:30.237+03:30 level=INFO msg="checked pod" worker=1 pod=nginx-1 phase="" ready="" error="Get \"https://127.0.0.1:65123/api/v1/namespaces/pod-manager/pods/nginx-1\": dial tcp 127.0.0.1:65123: connect: connection refused"
time=2026-09-05T00:53:30.238+03:30 level=INFO msg="queued all pods for status check" worker=2 count=1
time=2026-09-05T00:53:30.239+03:30 level=INFO msg="checked pod" worker=1 pod=nginx-1 phase="" ready="" error="Get \"https://127.0.0.1:65123/api/v1/namespaces/pod-manager/pods/nginx-1\": dial tcp 127.0.0.1:65123: connect: connection refused"
time=2026-09-05T00:55:30.239+03:30 level=INFO msg="queued all pods for status check" worker=2 count=1
time=2026-09-05T00:55:30.240+03:30 level=INFO msg="checked pod" worker=1 pod=nginx-1 phase="" ready="" error="Get \"https://127.0.0.1:65123/api/v1/namespaces/pod-manager/pods/nginx-1\": dial tcp 127.0.0.1:65123: connect: connection refused"
time=2026-09-05T00:57:30.243+03:30 level=INFO msg="queued all pods for status check" worker=2 count=1
time=2026-09-05T00:57:30.243+03:30 level=INFO msg="checked pod" worker=1 pod=nginx-1 phase="" ready="" error="Get \"https://127.0.0.1:65123/api/v1/namespaces/pod-manager/pods/nginx-1\": dial tcp 127.0.0.1:65123: connect: connection refused"
time=2026-09-05T00:59:30.244+03:30 level=INFO msg="queued all pods for status check" worker=2 count=1
time=2026-09-05T00:59:30.246+03:30 level=INFO msg="checked pod" worker=1 pod=nginx-1 phase="" ready="" error="Get \"https://127.0.0.1:65123/api/v1/namespaces/pod-manager/pods/nginx-1\": dial tcp 127.0.0.1:65123: connect: connection refused"
time=2026-09-05T01:01:29.646+03:30 level=INFO msg="queued all pods for status check" worker=2 count=1
time=2026-09-05T01:01:29.647+03:30 level=INFO msg="checked pod" worker=1 pod=nginx-1 phase="" ready="" error="Get \"https://127.0.0.1:65123/api/v1/namespaces/pod-manager/pods/nginx-1\": dial tcp 127.0.0.1:65123: connect: connection refused"
time=2026-09-05T01:03:29.645+03:30 level=INFO msg="queued all pods for status check" worker=2 count=1
time=2026-09-05T01:03:29.645+03:30 level=INFO msg="checked pod" worker=1 pod=nginx-1 phase="" ready="" error="Get \"https://127.0.0.1:65123/api/v1/namespaces/pod-manager/pods/nginx-1\": dial tcp 127.0.0.1:65123: connect: connection refused"
time=2026-09-05T01:05:29.642+03:30 level=INFO msg="queued all pods for status check" worker=2 count=1
time=2026-09-05T01:05:29.643+03:30 level=INFO msg="checked pod" worker=1 pod=nginx-1 phase="" ready="" error="Get \"https://127.0.0.1:65123/api/v1/namespaces/pod-manager/pods/nginx-1\": dial tcp 127.0.0.1:65123: connect: connection refused"
time=2026-09-05T01:07:29.639+03:30 level=INFO msg="queued all pods for status check" worker=2 count=1
time=2026-09-05T01:07:29.639+03:30 level=INFO msg="checked pod" worker=1 pod=nginx-1 phase="" ready="" error="Get \"https://127.0.0.1:65123/api/v1/namespaces/pod-manager/pods/nginx-1\": dial tcp 127.0.0.1:65123: connect: connection refused"
time=2026-09-05T01:09:29.636+03:30 level=INFO msg="queued all pods for status check" worker=2 count=1
time=2026-09-05T01:09:29.636+03:30 level=INFO msg="checked pod" worker=1 pod=nginx-1 phase="" ready="" error="Get \"https://127.0.0.1:65123/api/v1/namespaces/pod-manager/pods/nginx-1\": dial tcp 127.0.0.1:65123: connect: connection refused"
time=2026-09-05T01:11:29.632+03:30 level=INFO msg="queued all pods for status check" worker=2 count=1
time=2026-09-05T01:11:29.633+03:30 level=INFO msg="checked pod" worker=1 pod=nginx-1 phase="" ready="" error="Get \"https://127.0.0.1:65123/api/v1/namespaces/pod-manager/pods/nginx-1\": dial tcp 127.0.0.1:65123: connect: connection refused"
time=2026-09-05T01:13:29.629+03:30 level=INFO msg="queued all pods for status check" worker=2 count=1
time=2026-09-05T01:13:29.629+03:30 level=INFO msg="checked pod" worker=1 pod=nginx-1 phase="" ready="" error="Get \"https://127.0.0.1:65123/api/v1/namespaces/pod-manager/pods/nginx-1\": dial tcp 127.0.0.1:65123: connect: connection refused"
time=2026-09-05T01:15:29.626+03:30 level=INFO msg="queued all pods for status check" worker=2 count=1
time=2026-09-05T01:15:29.626+03:30 level=INFO msg="checked pod" worker=1 pod=nginx-1 phase="" ready="" error="Get \"https://127.0.0.1:65123/api/v1/namespaces/pod-manager/pods/nginx-1\": dial tcp 127.0.0.1:65123: connect: connection refused"
time=2026-09-05T01:17:29.610+03:30 level=INFO msg="queued all pods for status check" worker=2 count=1
time=2026-09-05T01:17:29.612+03:30 level=INFO msg="checked pod" worker=1 pod=nginx-1 phase="" ready="" error="Get \"https://127.0.0.1:65123/api/v1/namespaces/pod-manager/pods/nginx-1\": dial tcp 127.0.0.1:65123: connect: connection refused"
time=2026-09-05T01:19:29.606+03:30 level=INFO msg="queued all pods for status check" worker=2 count=1
time=2026-09-05T01:19:29.607+03:30 level=INFO msg="checked pod" worker=1 pod=nginx-1 phase="" ready="" error="Get \"https://127.0.0.1:65123/api/v1/namespaces/pod-manager/pods/nginx-1\": dial tcp 127.0.0.1:65123: connect: connection refused"
time=2026-09-05T01:21:29.603+03:30 level=INFO msg="queued all pods for status check" worker=2 count=1
time=2026-09-05T01:21:29.604+03:30 level=INFO msg="checked pod" worker=1 pod=nginx-1 phase="" ready="" error="Get \"https://127.0.0.1:65123/api/v1/namespaces/pod-manager/pods/nginx-1\": dial tcp 127.0.0.1:65123: connect: connection refused"
time=2026-09-05T01:23:29.600+03:30 level=INFO msg="queued all pods for status check" worker=2 count=1
time=2026-09-05T01:23:29.601+03:30 level=INFO msg="checked pod" worker=1 pod=nginx-1 phase="" ready="" error="Get \"https://127.0.0.1:65123/api/v1/namespaces/pod-manager/pods/nginx-1\": dial tcp 127.0.0.1:65123: connect: connection refused"
time=2026-09-05T01:25:29.597+03:30 level=INFO msg="queued all pods for status check" worker=2 count=1
time=2026-09-05T01:25:29.600+03:30 level=INFO msg="checked pod" worker=1 pod=nginx-1 phase="" ready="" error="Get \"https://127.0.0.1:65123/api/v1/namespaces/pod-manager/pods/nginx-1\": dial tcp 127.0.0.1:65123: connect: connection refused"
time=2026-09-05T01:27:29.593+03:30 level=INFO msg="queued all pods for status check" worker=2 count=1
time=2026-09-05T01:27:29.594+03:30 level=INFO msg="checked pod" worker=1 pod=nginx-1 phase="" ready="" error="Get \"https://127.0.0.1:65123/api/v1/namespaces/pod-manager/pods/nginx-1\": dial tcp 127.0.0.1:65123: connect: connection refused"
time=2026-09-05T01:29:29.591+03:30 level=INFO msg="queued all pods for status check" worker=2 count=1
time=2026-09-05T01:29:29.593+03:30 level=INFO msg="checked pod" worker=1 pod=nginx-1 phase="" ready="" error="Get \"https://127.0.0.1:65123/api/v1/namespaces/pod-manager/pods/nginx-1\": dial tcp 127.0.0.1:65123: connect: connection refused"
time=2026-09-05T01:31:29.588+03:30 level=INFO msg="queued all pods for status check" worker=2 count=1
time=2026-09-05T01:31:29.589+03:30 level=INFO msg="checked pod" worker=1 pod=nginx-1 phase="" ready="" error="Get \"https://127.0.0.1:65123/api/v1/namespaces/pod-manager/pods/nginx-1\": dial tcp 127.0.0.1:65123: connect: connection refused"
time=2026-09-05T01:33:29.512+03:30 level=INFO msg="queued all pods for status check" worker=2 count=1
time=2026-09-05T01:33:29.513+03:30 level=INFO msg="checked pod" worker=1 pod=nginx-1 phase="" ready="" error="Get \"https://127.0.0.1:65123/api/v1/namespaces/pod-manager/pods/nginx-1\": dial tcp 127.0.0.1:65123: connect: connection refused"
time=2026-09-05T01:35:29.508+03:30 level=INFO msg="queued all pods for status check" worker=2 count=1
time=2026-09-05T01:35:29.510+03:30 level=INFO msg="checked pod" worker=1 pod=nginx-1 phase="" ready="" error="Get \"https://127.0.0.1:65123/api/v1/namespaces/pod-manager/pods/nginx-1\": dial tcp 127.0.0.1:65123: connect: connection refused"
time=2026-09-05T01:37:29.505+03:30 level=INFO msg="queued all pods for status check" worker=2 count=1
time=2026-09-05T01:37:29.506+03:30 level=INFO msg="checked pod" worker=1 pod=nginx-1 phase="" ready="" error="Get \"https://127.0.0.1:65123/api/v1/namespaces/pod-manager/pods/nginx-1\": dial tcp 127.0.0.1:65123: connect: connection refused"
time=2026-09-05T01:39:29.501+03:30 level=INFO msg="queued all pods for status check" worker=2 count=1
time=2026-09-05T01:39:29.502+03:30 level=INFO msg="checked pod" worker=1 pod=nginx-1 phase="" ready="" error="Get \"https://127.0.0.1:65123/api/v1/namespaces/pod-manager/pods/nginx-1\": dial tcp 127.0.0.1:65123: connect: connection refused"
time=2026-09-05T01:41:29.497+03:30 level=INFO msg="queued all pods for status check" worker=2 count=1
time=2026-09-05T01:41:29.500+03:30 level=INFO msg="checked pod" worker=1 pod=nginx-1 phase="" ready="" error="Get \"https://127.0.0.1:65123/api/v1/namespaces/pod-manager/pods/nginx-1\": dial tcp 127.0.0.1:65123: connect: connection refused"
time=2026-09-05T01:43:29.493+03:30 level=INFO msg="queued all pods for status check" worker=2 count=1
time=2026-09-05T01:43:29.494+03:30 level=INFO msg="checked pod" worker=1 pod=nginx-1 phase="" ready="" error="Get \"https://127.0.0.1:65123/api/v1/namespaces/pod-manager/pods/nginx-1\": dial tcp 127.0.0.1:65123: connect: connection refused"
time=2026-09-05T01:45:29.490+03:30 level=INFO msg="queued all pods for status check" worker=2 count=1
time=2026-09-05T01:45:29.490+03:30 level=INFO msg="checked pod" worker=1 pod=nginx-1 phase="" ready="" error="Get \"https://127.0.0.1:65123/api/v1/namespaces/pod-manager/pods/nginx-1\": dial tcp 127.0.0.1:65123: connect: connection refused"
time=2026-09-05T01:47:51.436+03:30 level=INFO msg="queued all pods for status check" worker=2 count=1
time=2026-09-05T01:47:51.439+03:30 level=INFO msg="checked pod" worker=1 pod=nginx-1 phase="" ready="" error="Get \"https://127.0.0.1:65123/api/v1/namespaces/pod-manager/pods/nginx-1\": dial tcp 127.0.0.1:65123: connect: connection refused"
time=2026-09-05T02:04:50.129+03:30 level=INFO msg="queued all pods for status check" worker=2 count=1
time=2026-09-05T02:04:50.130+03:30 level=INFO msg="checked pod" worker=1 pod=nginx-1 phase="" ready="" error="Get \"https://127.0.0.1:65123/api/v1/namespaces/pod-manager/pods/nginx-1\": dial tcp 127.0.0.1:65123: connect: connection refused"
time=2026-09-05T02:21:48.399+03:30 level=INFO msg="queued all pods for status check" worker=2 count=1
time=2026-09-05T02:21:48.400+03:30 level=INFO msg="checked pod" worker=1 pod=nginx-1 phase="" ready="" error="Get \"https://127.0.0.1:65123/api/v1/namespaces/pod-manager/pods/nginx-1\": dial tcp 127.0.0.1:65123: connect: connection refused"
time=2026-09-05T02:38:46.681+03:30 level=INFO msg="queued all pods for status check" worker=2 count=1
time=2026-09-05T02:38:46.683+03:30 level=INFO msg="checked pod" worker=1 pod=nginx-1 phase="" ready="" error="Get \"https://127.0.0.1:65123/api/v1/namespaces/pod-manager/pods/nginx-1\": dial tcp 127.0.0.1:65123: connect: connection refused"
time=2026-09-05T02:55:45.165+03:30 level=INFO msg="queued all pods for status check" worker=2 count=1
time=2026-09-05T02:55:45.166+03:30 level=INFO msg="checked pod" worker=1 pod=nginx-1 phase="" ready="" error="Get \"https://127.0.0.1:65123/api/v1/namespaces/pod-manager/pods/nginx-1\": dial tcp 127.0.0.1:65123: connect: connection refused"
time=2026-09-05T02:57:45.168+03:30 level=INFO msg="queued all pods for status check" worker=2 count=1
time=2026-09-05T02:57:45.168+03:30 level=INFO msg="checked pod" worker=1 pod=nginx-1 phase="" ready="" error="Get \"https://127.0.0.1:65123/api/v1/namespaces/pod-manager/pods/nginx-1\": dial tcp 127.0.0.1:65123: connect: connection refused"
time=2026-09-05T02:59:45.169+03:30 level=INFO msg="queued all pods for status check" worker=2 count=1
time=2026-09-05T02:59:45.173+03:30 level=INFO msg="checked pod" worker=1 pod=nginx-1 phase="" ready="" error="Get \"https://127.0.0.1:65123/api/v1/namespaces/pod-manager/pods/nginx-1\": dial tcp 127.0.0.1:65123: connect: connection refused"
time=2026-09-05T03:16:43.623+03:30 level=INFO msg="queued all pods for status check" worker=2 count=1
time=2026-09-05T03:16:43.624+03:30 level=INFO msg="checked pod" worker=1 pod=nginx-1 phase="" ready="" error="Get \"https://127.0.0.1:65123/api/v1/namespaces/pod-manager/pods/nginx-1\": dial tcp 127.0.0.1:65123: connect: connection refused"
time=2026-09-05T03:18:43.625+03:30 level=INFO msg="queued all pods for status check" worker=2 count=1
time=2026-09-05T03:18:43.626+03:30 level=INFO msg="checked pod" worker=1 pod=nginx-1 phase="" ready="" error="Get \"https://127.0.0.1:65123/api/v1/namespaces/pod-manager/pods/nginx-1\": dial tcp 127.0.0.1:65123: connect: connection refused"
time=2026-09-05T03:20:43.627+03:30 level=INFO msg="queued all pods for status check" worker=2 count=1
time=2026-09-05T03:20:43.629+03:30 level=INFO msg="checked pod" worker=1 pod=nginx-1 phase="" ready="" error="Get \"https://127.0.0.1:65123/api/v1/namespaces/pod-manager/pods/nginx-1\": dial tcp 127.0.0.1:65123: connect: connection refused"
time=2026-09-05T03:22:43.629+03:30 level=INFO msg="queued all pods for status check" worker=2 count=1
time=2026-09-05T03:22:43.630+03:30 level=INFO msg="checked pod" worker=1 pod=nginx-1 phase="" ready="" error="Get \"https://127.0.0.1:65123/api/v1/namespaces/pod-manager/pods/nginx-1\": dial tcp 127.0.0.1:65123: connect: connection refused"
time=2026-09-05T03:40:07.313+03:30 level=INFO msg="queued all pods for status check" worker=2 count=1
time=2026-09-05T03:40:07.314+03:30 level=INFO msg="checked pod" worker=1 pod=nginx-1 phase="" ready="" error="Get \"https://127.0.0.1:65123/api/v1/namespaces/pod-manager/pods/nginx-1\": dial tcp 127.0.0.1:65123: connect: connection refused"
time=2026-09-05T04:03:38.249+03:30 level=INFO msg="queued all pods for status check" worker=2 count=1
time=2026-09-05T04:03:38.251+03:30 level=INFO msg="checked pod" worker=1 pod=nginx-1 phase="" ready="" error="Get \"https://127.0.0.1:65123/api/v1/namespaces/pod-manager/pods/nginx-1\": dial tcp 127.0.0.1:65123: connect: connection refused"
time=2026-09-05T04:18:15.874+03:30 level=INFO msg="queued all pods for status check" worker=2 count=1
time=2026-09-05T04:18:15.875+03:30 level=INFO msg="checked pod" worker=1 pod=nginx-1 phase="" ready="" error="Get \"https://127.0.0.1:65123/api/v1/namespaces/pod-manager/pods/nginx-1\": dial tcp 127.0.0.1:65123: connect: connection refused"
time=2026-09-05T04:28:42.100+03:30 level=INFO msg="queued all pods for status check" worker=2 count=1
time=2026-09-05T04:28:42.101+03:30 level=INFO msg="checked pod" worker=1 pod=nginx-1 phase="" ready="" error="Get \"https://127.0.0.1:65123/api/v1/namespaces/pod-manager/pods/nginx-1\": dial tcp 127.0.0.1:65123: connect: connection refused"
time=2026-09-05T05:04:48.493+03:30 level=INFO msg="queued all pods for status check" worker=2 count=1
time=2026-09-05T05:04:48.494+03:30 level=INFO msg="checked pod" worker=1 pod=nginx-1 phase="" ready="" error="Get \"https://127.0.0.1:65123/api/v1/namespaces/pod-manager/pods/nginx-1\": dial tcp 127.0.0.1:65123: connect: connection refused"
time=2026-09-05T05:37:38.456+03:30 level=INFO msg="queued all pods for status check" worker=2 count=1
time=2026-09-05T05:37:38.457+03:30 level=INFO msg="checked pod" worker=1 pod=nginx-1 phase="" ready="" error="Get \"https://127.0.0.1:65123/api/v1/namespaces/pod-manager/pods/nginx-1\": dial tcp 127.0.0.1:65123: connect: connection refused"
time=2026-09-05T05:50:50.909+03:30 level=INFO msg="queued all pods for status check" worker=2 count=1
time=2026-09-05T05:50:50.910+03:30 level=INFO msg="checked pod" worker=1 pod=nginx-1 phase="" ready="" error="Get \"https://127.0.0.1:65123/api/v1/namespaces/pod-manager/pods/nginx-1\": dial tcp 127.0.0.1:65123: connect: connection refused"
time=2026-09-05T06:23:36.361+03:30 level=INFO msg="queued all pods for status check" worker=2 count=1
time=2026-09-05T06:23:36.364+03:30 level=INFO msg="checked pod" worker=1 pod=nginx-1 phase="" ready="" error="Get \"https://127.0.0.1:65123/api/v1/namespaces/pod-manager/pods/nginx-1\": dial tcp 127.0.0.1:65123: connect: connection refused"
time=2026-09-05T07:00:01.290+03:30 level=INFO msg="queued all pods for status check" worker=2 count=1
time=2026-09-05T07:00:01.291+03:30 level=INFO msg="checked pod" worker=1 pod=nginx-1 phase="" ready="" error="Get \"https://127.0.0.1:65123/api/v1/namespaces/pod-manager/pods/nginx-1\": dial tcp 127.0.0.1:65123: connect: connection refused"
time=2026-09-05T07:17:17.997+03:30 level=INFO msg="queued all pods for status check" worker=2 count=1
time=2026-09-05T07:17:17.998+03:30 level=INFO msg="checked pod" worker=1 pod=nginx-1 phase="" ready="" error="Get \"https://127.0.0.1:65123/api/v1/namespaces/pod-manager/pods/nginx-1\": dial tcp 127.0.0.1:65123: connect: connection refused"
time=2026-09-05T07:50:08.124+03:30 level=INFO msg="queued all pods for status check" worker=2 count=1
time=2026-09-05T07:50:08.127+03:30 level=INFO msg="checked pod" worker=1 pod=nginx-1 phase="" ready="" error="Get \"https://127.0.0.1:65123/api/v1/namespaces/pod-manager/pods/nginx-1\": dial tcp 127.0.0.1:65123: connect: connection refused"
time=2026-09-05T08:22:58.184+03:30 level=INFO msg="queued all pods for status check" worker=2 count=1
time=2026-09-05T08:22:58.185+03:30 level=INFO msg="checked pod" worker=1 pod=nginx-1 phase="" ready="" error="Get \"https://127.0.0.1:65123/api/v1/namespaces/pod-manager/pods/nginx-1\": dial tcp 127.0.0.1:65123: connect: connection refused"
time=2026-09-05T08:51:47.856+03:30 level=INFO msg="queued all pods for status check" worker=2 count=1
time=2026-09-05T08:51:47.857+03:30 level=INFO msg="checked pod" worker=1 pod=nginx-1 phase="" ready="" error="Get \"https://127.0.0.1:65123/api/v1/namespaces/pod-manager/pods/nginx-1\": dial tcp 127.0.0.1:65123: connect: connection refused"
time=2026-09-05T09:10:42.316+03:30 level=INFO msg="queued all pods for status check" worker=2 count=1
time=2026-09-05T09:10:42.318+03:30 level=INFO msg="checked pod" worker=1 pod=nginx-1 phase="" ready="" error="Get \"https://127.0.0.1:65123/api/v1/namespaces/pod-manager/pods/nginx-1\": dial tcp 127.0.0.1:65123: connect: connection refused"
time=2026-09-05T09:29:22.313+03:30 level=INFO msg="queued all pods for status check" worker=2 count=1
time=2026-09-05T09:29:22.314+03:30 level=INFO msg="checked pod" worker=1 pod=nginx-1 phase="" ready="" error="Get \"https://127.0.0.1:65123/api/v1/namespaces/pod-manager/pods/nginx-1\": dial tcp 127.0.0.1:65123: connect: connection refused"
time=2026-09-05T10:01:49.130+03:30 level=INFO msg="queued all pods for status check" worker=2 count=1
time=2026-09-05T10:01:49.131+03:30 level=INFO msg="checked pod" worker=1 pod=nginx-1 phase="" ready="" error="Get \"https://127.0.0.1:65123/api/v1/namespaces/pod-manager/pods/nginx-1\": dial tcp 127.0.0.1:65123: connect: connection refused"
time=2026-09-05T10:11:32.021+03:30 level=INFO msg="queued all pods for status check" worker=2 count=1
time=2026-09-05T10:11:32.023+03:30 level=INFO msg="checked pod" worker=1 pod=nginx-1 phase="" ready="" error="Get \"https://127.0.0.1:65123/api/v1/namespaces/pod-manager/pods/nginx-1\": dial tcp 127.0.0.1:65123: connect: connection refused"
time=2026-09-05T10:13:32.021+03:30 level=INFO msg="queued all pods for status check" worker=2 count=1
time=2026-09-05T10:13:32.021+03:30 level=INFO msg="checked pod" worker=1 pod=nginx-1 phase="" ready="" error="Get \"https://127.0.0.1:65123/api/v1/namespaces/pod-manager/pods/nginx-1\": dial tcp 127.0.0.1:65123: connect: connection refused"
time=2026-09-05T10:15:32.021+03:30 level=INFO msg="queued all pods for status check" worker=2 count=1
time=2026-09-05T10:15:32.021+03:30 level=INFO msg="checked pod" worker=1 pod=nginx-1 phase="" ready="" error="Get \"https://127.0.0.1:65123/api/v1/namespaces/pod-manager/pods/nginx-1\": dial tcp 127.0.0.1:65123: connect: connection refused"
time=2026-09-05T10:17:32.024+03:30 level=INFO msg="queued all pods for status check" worker=2 count=1
time=2026-09-05T10:17:32.027+03:30 level=INFO msg="checked pod" worker=1 pod=nginx-1 phase="" ready="" error="Get \"https://127.0.0.1:65123/api/v1/namespaces/pod-manager/pods/nginx-1\": dial tcp 127.0.0.1:65123: connect: connection refused"
time=2026-09-05T10:19:32.033+03:30 level=INFO msg="queued all pods for status check" worker=2 count=1
time=2026-09-05T10:19:32.034+03:30 level=INFO msg="checked pod" worker=1 pod=nginx-1 phase="" ready="" error="Get \"https://127.0.0.1:65123/api/v1/namespaces/pod-manager/pods/nginx-1\": dial tcp 127.0.0.1:65123: connect: connection refused"
time=2026-09-05T10:21:32.033+03:30 level=INFO msg="queued all pods for status check" worker=2 count=1
time=2026-09-05T10:21:32.033+03:30 level=INFO msg="checked pod" worker=1 pod=nginx-1 phase="" ready="" error="Get \"https://127.0.0.1:65123/api/v1/namespaces/pod-manager/pods/nginx-1\": dial tcp 127.0.0.1:65123: connect: connection refused"
time=2026-09-05T10:23:32.033+03:30 level=INFO msg="queued all pods for status check" worker=2 count=1
time=2026-09-05T10:23:32.036+03:30 level=INFO msg="checked pod" worker=1 pod=nginx-1 phase="" ready="" error="Get \"https://127.0.0.1:65123/api/v1/namespaces/pod-manager/pods/nginx-1\": dial tcp 127.0.0.1:65123: connect: connection refused"
time=2026-09-05T10:25:32.033+03:30 level=INFO msg="queued all pods for status check" worker=2 count=1
time=2026-09-05T10:25:32.035+03:30 level=INFO msg="checked pod" worker=1 pod=nginx-1 phase="" ready="" error="Get \"https://127.0.0.1:65123/api/v1/namespaces/pod-manager/pods/nginx-1\": dial tcp 127.0.0.1:65123: connect: connection refused"
time=2026-09-05T10:27:32.034+03:30 level=INFO msg="queued all pods for status check" worker=2 count=1
time=2026-09-05T10:27:32.035+03:30 level=INFO msg="checked pod" worker=1 pod=nginx-1 phase="" ready="" error="Get \"https://127.0.0.1:65123/api/v1/namespaces/pod-manager/pods/nginx-1\": dial tcp 127.0.0.1:65123: connect: connection refused"
time=2026-09-05T10:29:32.034+03:30 level=INFO msg="queued all pods for status check" worker=2 count=1
time=2026-09-05T10:29:32.036+03:30 level=INFO msg="checked pod" worker=1 pod=nginx-1 phase="" ready="" error="Get \"https://127.0.0.1:65123/api/v1/namespaces/pod-manager/pods/nginx-1\": dial tcp 127.0.0.1:65123: connect: connection refused"
time=2026-09-05T10:31:32.035+03:30 level=INFO msg="queued all pods for status check" worker=2 count=1
time=2026-09-05T10:31:32.036+03:30 level=INFO msg="checked pod" worker=1 pod=nginx-1 phase="" ready="" error="Get \"https://127.0.0.1:65123/api/v1/namespaces/pod-manager/pods/nginx-1\": dial tcp 127.0.0.1:65123: connect: connection refused"
time=2026-09-05T10:33:32.029+03:30 level=INFO msg="queued all pods for status check" worker=2 count=1
time=2026-09-05T10:33:32.030+03:30 level=INFO msg="checked pod" worker=1 pod=nginx-1 phase="" ready="" error="Get \"https://127.0.0.1:65123/api/v1/namespaces/pod-manager/pods/nginx-1\": dial tcp 127.0.0.1:65123: connect: connection refused"
time=2026-09-05T10:35:32.014+03:30 level=INFO msg="queued all pods for status check" worker=2 count=1
time=2026-09-05T10:35:32.016+03:30 level=INFO msg="checked pod" worker=1 pod=nginx-1 phase="" ready="" error="Get \"https://127.0.0.1:65123/api/v1/namespaces/pod-manager/pods/nginx-1\": dial tcp 127.0.0.1:65123: connect: connection refused"
time=2026-09-05T10:37:32.014+03:30 level=INFO msg="queued all pods for status check" worker=2 count=1
time=2026-09-05T10:37:32.015+03:30 level=INFO msg="checked pod" worker=1 pod=nginx-1 phase="" ready="" error="Get \"https://127.0.0.1:65123/api/v1/namespaces/pod-manager/pods/nginx-1\": dial tcp 127.0.0.1:65123: connect: connection refused"
time=2026-09-05T10:39:32.014+03:30 level=INFO msg="queued all pods for status check" worker=2 count=1
time=2026-09-05T10:39:32.015+03:30 level=INFO msg="checked pod" worker=1 pod=nginx-1 phase="" ready="" error="Get \"https://127.0.0.1:65123/api/v1/namespaces/pod-manager/pods/nginx-1\": dial tcp 127.0.0.1:65123: connect: connection refused"
time=2026-09-05T10:41:32.012+03:30 level=INFO msg="queued all pods for status check" worker=2 count=1
time=2026-09-05T10:41:32.014+03:30 level=INFO msg="checked pod" worker=1 pod=nginx-1 phase="" ready="" error="Get \"https://127.0.0.1:65123/api/v1/namespaces/pod-manager/pods/nginx-1\": dial tcp 127.0.0.1:65123: connect: connection refused"
time=2026-09-05T10:43:32.012+03:30 level=INFO msg="queued all pods for status check" worker=2 count=1
time=2026-09-05T10:43:32.013+03:30 level=INFO msg="checked pod" worker=1 pod=nginx-1 phase="" ready="" error="Get \"https://127.0.0.1:65123/api/v1/namespaces/pod-manager/pods/nginx-1\": dial tcp 127.0.0.1:65123: connect: connection refused"
time=2026-09-05T10:45:32.012+03:30 level=INFO msg="queued all pods for status check" worker=2 count=1
time=2026-09-05T10:45:32.013+03:30 level=INFO msg="checked pod" worker=1 pod=nginx-1 phase="" ready="" error="Get \"https://127.0.0.1:65123/api/v1/namespaces/pod-manager/pods/nginx-1\": dial tcp 127.0.0.1:65123: connect: connection refused"
time=2026-09-05T10:47:32.012+03:30 level=INFO msg="queued all pods for status check" worker=2 count=1
time=2026-09-05T10:47:32.018+03:30 level=INFO msg="checked pod" worker=1 pod=nginx-1 phase="" ready="" error="Get \"https://127.0.0.1:65123/api/v1/namespaces/pod-manager/pods/nginx-1\": dial tcp 127.0.0.1:65123: connect: connection refused"
time=2026-09-05T10:49:32.006+03:30 level=INFO msg="queued all pods for status check" worker=2 count=1
time=2026-09-05T10:49:32.007+03:30 level=INFO msg="checked pod" worker=1 pod=nginx-1 phase="" ready="" error="Get \"https://127.0.0.1:65123/api/v1/namespaces/pod-manager/pods/nginx-1\": dial tcp 127.0.0.1:65123: connect: connection refused"
time=2026-09-05T10:51:31.984+03:30 level=INFO msg="queued all pods for status check" worker=2 count=1
time=2026-09-05T10:51:31.985+03:30 level=INFO msg="checked pod" worker=1 pod=nginx-1 phase="" ready="" error="Get \"https://127.0.0.1:65123/api/v1/namespaces/pod-manager/pods/nginx-1\": dial tcp 127.0.0.1:65123: connect: connection refused"
time=2026-09-05T10:53:31.984+03:30 level=INFO msg="queued all pods for status check" worker=2 count=1
time=2026-09-05T10:53:31.986+03:30 level=INFO msg="checked pod" worker=1 pod=nginx-1 phase="" ready="" error="Get \"https://127.0.0.1:65123/api/v1/namespaces/pod-manager/pods/nginx-1\": dial tcp 127.0.0.1:65123: connect: connection refused"
time=2026-09-05T10:55:31.982+03:30 level=INFO msg="queued all pods for status check" worker=2 count=1
time=2026-09-05T10:55:31.984+03:30 level=INFO msg="checked pod" worker=1 pod=nginx-1 phase="" ready="" error="Get \"https://127.0.0.1:65123/api/v1/namespaces/pod-manager/pods/nginx-1\": dial tcp 127.0.0.1:65123: connect: connection refused"
time=2026-09-05T10:57:31.981+03:30 level=INFO msg="queued all pods for status check" worker=2 count=1
time=2026-09-05T10:57:31.983+03:30 level=INFO msg="checked pod" worker=1 pod=nginx-1 phase="" ready="" error="Get \"https://127.0.0.1:65123/api/v1/namespaces/pod-manager/pods/nginx-1\": dial tcp 127.0.0.1:65123: connect: connection refused"
time=2026-09-05T10:59:31.980+03:30 level=INFO msg="queued all pods for status check" worker=2 count=1
time=2026-09-05T10:59:31.982+03:30 level=INFO msg="checked pod" worker=1 pod=nginx-1 phase="" ready="" error="Get \"https://127.0.0.1:65123/api/v1/namespaces/pod-manager/pods/nginx-1\": dial tcp 127.0.0.1:65123: connect: connection refused"
time=2026-09-05T11:01:31.980+03:30 level=INFO msg="queued all pods for status check" worker=2 count=1
time=2026-09-05T11:01:31.981+03:30 level=INFO msg="checked pod" worker=1 pod=nginx-1 phase="" ready="" error="Get \"https://127.0.0.1:65123/api/v1/namespaces/pod-manager/pods/nginx-1\": dial tcp 127.0.0.1:65123: connect: connection refused"
time=2026-09-05T11:03:31.979+03:30 level=INFO msg="queued all pods for status check" worker=2 count=1
time=2026-09-05T11:03:31.982+03:30 level=INFO msg="checked pod" worker=1 pod=nginx-1 phase="" ready="" error="Get \"https://127.0.0.1:65123/api/v1/namespaces/pod-manager/pods/nginx-1\": dial tcp 127.0.0.1:65123: connect: connection refused"
time=2026-09-05T11:05:31.968+03:30 level=INFO msg="queued all pods for status check" worker=2 count=1
time=2026-09-05T11:05:31.970+03:30 level=INFO msg="checked pod" worker=1 pod=nginx-1 phase="" ready="" error="Get \"https://127.0.0.1:65123/api/v1/namespaces/pod-manager/pods/nginx-1\": dial tcp 127.0.0.1:65123: connect: connection refused"
time=2026-09-05T11:07:31.938+03:30 level=INFO msg="queued all pods for status check" worker=2 count=1
time=2026-09-05T11:07:31.939+03:30 level=INFO msg="checked pod" worker=1 pod=nginx-1 phase="" ready="" error="Get \"https://127.0.0.1:65123/api/v1/namespaces/pod-manager/pods/nginx-1\": dial tcp 127.0.0.1:65123: connect: connection refused"
time=2026-09-05T11:09:31.937+03:30 level=INFO msg="queued all pods for status check" worker=2 count=1
time=2026-09-05T11:09:31.938+03:30 level=INFO msg="checked pod" worker=1 pod=nginx-1 phase="" ready="" error="Get \"https://127.0.0.1:65123/api/v1/namespaces/pod-manager/pods/nginx-1\": dial tcp 127.0.0.1:65123: connect: connection refused"
time=2026-09-05T11:11:31.936+03:30 level=INFO msg="queued all pods for status check" worker=2 count=1
time=2026-09-05T11:11:31.939+03:30 level=INFO msg="checked pod" worker=1 pod=nginx-1 phase="" ready="" error="Get \"https://127.0.0.1:65123/api/v1/namespaces/pod-manager/pods/nginx-1\": dial tcp 127.0.0.1:65123: connect: connection refused"
time=2026-09-05T11:13:31.935+03:30 level=INFO msg="queued all pods for status check" worker=2 count=1
time=2026-09-05T11:13:31.937+03:30 level=INFO msg="checked pod" worker=1 pod=nginx-1 phase="" ready="" error="Get \"https://127.0.0.1:65123/api/v1/namespaces/pod-manager/pods/nginx-1\": dial tcp 127.0.0.1:65123: connect: connection refused"
time=2026-09-05T11:15:31.934+03:30 level=INFO msg="queued all pods for status check" worker=2 count=1
time=2026-09-05T11:15:31.934+03:30 level=INFO msg="checked pod" worker=1 pod=nginx-1 phase="" ready="" error="Get \"https://127.0.0.1:65123/api/v1/namespaces/pod-manager/pods/nginx-1\": dial tcp 127.0.0.1:65123: connect: connection refused"
time=2026-09-05T11:17:31.932+03:30 level=INFO msg="queued all pods for status check" worker=2 count=1
time=2026-09-05T11:17:31.935+03:30 level=INFO msg="checked pod" worker=1 pod=nginx-1 phase="" ready="" error="Get \"https://127.0.0.1:65123/api/v1/namespaces/pod-manager/pods/nginx-1\": dial tcp 127.0.0.1:65123: connect: connection refused"
time=2026-09-05T11:19:31.931+03:30 level=INFO msg="queued all pods for status check" worker=2 count=1
time=2026-09-05T11:19:31.932+03:30 level=INFO msg="checked pod" worker=1 pod=nginx-1 phase="" ready="" error="Get \"https://127.0.0.1:65123/api/v1/namespaces/pod-manager/pods/nginx-1\": dial tcp 127.0.0.1:65123: connect: connection refused"
time=2026-09-05T11:21:31.930+03:30 level=INFO msg="queued all pods for status check" worker=2 count=1
time=2026-09-05T11:21:31.931+03:30 level=INFO msg="checked pod" worker=1 pod=nginx-1 phase="" ready="" error="Get \"https://127.0.0.1:65123/api/v1/namespaces/pod-manager/pods/nginx-1\": dial tcp 127.0.0.1:65123: connect: connection refused"
time=2026-09-05T11:23:31.929+03:30 level=INFO msg="queued all pods for status check" worker=2 count=1
time=2026-09-05T11:23:31.931+03:30 level=INFO msg="checked pod" worker=1 pod=nginx-1 phase="" ready="" error="Get \"https://127.0.0.1:65123/api/v1/namespaces/pod-manager/pods/nginx-1\": dial tcp 127.0.0.1:65123: connect: connection refused"
time=2026-09-05T11:25:31.927+03:30 level=INFO msg="queued all pods for status check" worker=2 count=1
time=2026-09-05T11:25:31.928+03:30 level=INFO msg="checked pod" worker=1 pod=nginx-1 phase="" ready="" error="Get \"https://127.0.0.1:65123/api/v1/namespaces/pod-manager/pods/nginx-1\": dial tcp 127.0.0.1:65123: connect: connection refused"
time=2026-09-05T11:27:31.926+03:30 level=INFO msg="queued all pods for status check" worker=2 count=1
time=2026-09-05T11:27:31.926+03:30 level=INFO msg="checked pod" worker=1 pod=nginx-1 phase="" ready="" error="Get \"https://127.0.0.1:65123/api/v1/namespaces/pod-manager/pods/nginx-1\": dial tcp 127.0.0.1:65123: connect: connection refused"
time=2026-09-05T11:29:31.924+03:30 level=INFO msg="queued all pods for status check" worker=2 count=1
time=2026-09-05T11:29:31.925+03:30 level=INFO msg="checked pod" worker=1 pod=nginx-1 phase="" ready="" error="Get \"https://127.0.0.1:65123/api/v1/namespaces/pod-manager/pods/nginx-1\": dial tcp 127.0.0.1:65123: connect: connection refused"
time=2026-09-05T11:31:31.923+03:30 level=INFO msg="queued all pods for status check" worker=2 count=1
time=2026-09-05T11:31:31.924+03:30 level=INFO msg="checked pod" worker=1 pod=nginx-1 phase="" ready="" error="Get \"https://127.0.0.1:65123/api/v1/namespaces/pod-manager/pods/nginx-1\": dial tcp 127.0.0.1:65123: connect: connection refused"
time=2026-09-05T11:33:31.922+03:30 level=INFO msg="queued all pods for status check" worker=2 count=1
time=2026-09-05T11:33:31.923+03:30 level=INFO msg="checked pod" worker=1 pod=nginx-1 phase="" ready="" error="Get \"https://127.0.0.1:65123/api/v1/namespaces/pod-manager/pods/nginx-1\": dial tcp 127.0.0.1:65123: connect: connection refused"
time=2026-09-05T11:35:31.921+03:30 level=INFO msg="queued all pods for status check" worker=2 count=1
time=2026-09-05T11:35:31.922+03:30 level=INFO msg="checked pod" worker=1 pod=nginx-1 phase="" ready="" error="Get \"https://127.0.0.1:65123/api/v1/namespaces/pod-manager/pods/nginx-1\": dial tcp 127.0.0.1:65123: connect: connection refused"
time=2026-09-05T11:37:47.095+03:30 level=INFO msg="queued all pods for status check" worker=2 count=1
time=2026-09-05T11:37:47.106+03:30 level=INFO msg="checked pod" worker=1 pod=nginx-1 phase="" ready="" error="Get \"https://127.0.0.1:65123/api/v1/namespaces/pod-manager/pods/nginx-1\": dial tcp 127.0.0.1:65123: connect: connection refused"
time=2026-09-05T11:39:47.094+03:30 level=INFO msg="queued all pods for status check" worker=2 count=1
time=2026-09-05T11:39:47.095+03:30 level=INFO msg="checked pod" worker=1 pod=nginx-1 phase="" ready="" error="Get \"https://127.0.0.1:65123/api/v1/namespaces/pod-manager/pods/nginx-1\": dial tcp 127.0.0.1:65123: connect: connection refused"
time=2026-09-05T11:41:47.093+03:30 level=INFO msg="queued all pods for status check" worker=2 count=1
time=2026-09-05T11:41:47.095+03:30 level=INFO msg="checked pod" worker=1 pod=nginx-1 phase="" ready="" error="Get \"https://127.0.0.1:65123/api/v1/namespaces/pod-manager/pods/nginx-1\": dial tcp 127.0.0.1:65123: connect: connection refused"
time=2026-09-05T11:43:47.092+03:30 level=INFO msg="queued all pods for status check" worker=2 count=1
time=2026-09-05T11:43:47.093+03:30 level=INFO msg="checked pod" worker=1 pod=nginx-1 phase="" ready="" error="Get \"https://127.0.0.1:65123/api/v1/namespaces/pod-manager/pods/nginx-1\": dial tcp 127.0.0.1:65123: connect: connection refused"
time=2026-09-05T11:45:47.090+03:30 level=INFO msg="queued all pods for status check" worker=2 count=1
time=2026-09-05T11:45:47.091+03:30 level=INFO msg="checked pod" worker=1 pod=nginx-1 phase="" ready="" error="Get \"https://127.0.0.1:65123/api/v1/namespaces/pod-manager/pods/nginx-1\": dial tcp 127.0.0.1:65123: connect: connection refused"
time=2026-09-05T11:47:47.089+03:30 level=INFO msg="queued all pods for status check" worker=2 count=1
time=2026-09-05T11:47:47.092+03:30 level=INFO msg="checked pod" worker=1 pod=nginx-1 phase="" ready="" error="Get \"https://127.0.0.1:65123/api/v1/namespaces/pod-manager/pods/nginx-1\": dial tcp 127.0.0.1:65123: connect: connection refused"
time=2026-09-05T11:49:47.087+03:30 level=INFO msg="queued all pods for status check" worker=2 count=1
time=2026-09-05T11:49:47.093+03:30 level=INFO msg="checked pod" worker=1 pod=nginx-1 phase="" ready="" error="Get \"https://127.0.0.1:65123/api/v1/namespaces/pod-manager/pods/nginx-1\": dial tcp 127.0.0.1:65123: connect: connection refused"
time=2026-09-05T11:51:47.086+03:30 level=INFO msg="queued all pods for status check" worker=2 count=1
time=2026-09-05T11:51:47.087+03:30 level=INFO msg="checked pod" worker=1 pod=nginx-1 phase="" ready="" error="Get \"https://127.0.0.1:65123/api/v1/namespaces/pod-manager/pods/nginx-1\": dial tcp 127.0.0.1:65123: connect: connection refused"
time=2026-09-05T11:53:47.106+03:30 level=INFO msg="queued all pods for status check" worker=2 count=1
time=2026-09-05T11:53:47.109+03:30 level=INFO msg="checked pod" worker=1 pod=nginx-1 phase="" ready="" error="Get \"https://127.0.0.1:65123/api/v1/namespaces/pod-manager/pods/nginx-1\": dial tcp 127.0.0.1:65123: connect: connection refused"
time=2026-09-05T11:55:47.110+03:30 level=INFO msg="queued all pods for status check" worker=2 count=1
time=2026-09-05T11:55:47.111+03:30 level=INFO msg="checked pod" worker=1 pod=nginx-1 phase="" ready="" error="Get \"https://127.0.0.1:65123/api/v1/namespaces/pod-manager/pods/nginx-1\": dial tcp 127.0.0.1:65123: connect: connection refused"
time=2026-09-05T11:57:47.109+03:30 level=INFO msg="queued all pods for status check" worker=2 count=1
time=2026-09-05T11:57:47.110+03:30 level=INFO msg="checked pod" worker=1 pod=nginx-1 phase="" ready="" error="Get \"https://127.0.0.1:65123/api/v1/namespaces/pod-manager/pods/nginx-1\": dial tcp 127.0.0.1:65123: connect: connection refused"
time=2026-09-05T11:59:47.109+03:30 level=INFO msg="queued all pods for status check" worker=2 count=1
time=2026-09-05T11:59:47.111+03:30 level=INFO msg="checked pod" worker=1 pod=nginx-1 phase="" ready="" error="Get \"https://127.0.0.1:65123/api/v1/namespaces/pod-manager/pods/nginx-1\": dial tcp 127.0.0.1:65123: connect: connection refused"
time=2026-09-05T12:01:47.108+03:30 level=INFO msg="queued all pods for status check" worker=2 count=1
time=2026-09-05T12:01:47.109+03:30 level=INFO msg="checked pod" worker=1 pod=nginx-1 phase="" ready="" error="Get \"https://127.0.0.1:65123/api/v1/namespaces/pod-manager/pods/nginx-1\": dial tcp 127.0.0.1:65123: connect: connection refused"
time=2026-09-05T12:03:47.107+03:30 level=INFO msg="queued all pods for status check" worker=2 count=1
time=2026-09-05T12:03:47.108+03:30 level=INFO msg="checked pod" worker=1 pod=nginx-1 phase="" ready="" error="Get \"https://127.0.0.1:65123/api/v1/namespaces/pod-manager/pods/nginx-1\": dial tcp 127.0.0.1:65123: connect: connection refused"
time=2026-09-05T12:05:47.106+03:30 level=INFO msg="queued all pods for status check" worker=2 count=1
time=2026-09-05T12:05:47.108+03:30 level=INFO msg="checked pod" worker=1 pod=nginx-1 phase="" ready="" error="Get \"https://127.0.0.1:65123/api/v1/namespaces/pod-manager/pods/nginx-1\": dial tcp 127.0.0.1:65123: connect: connection refused"
time=2026-09-05T12:07:47.105+03:30 level=INFO msg="queued all pods for status check" worker=2 count=1
time=2026-09-05T12:07:47.106+03:30 level=INFO msg="checked pod" worker=1 pod=nginx-1 phase="" ready="" error="Get \"https://127.0.0.1:65123/api/v1/namespaces/pod-manager/pods/nginx-1\": dial tcp 127.0.0.1:65123: connect: connection refused"
time=2026-09-05T12:09:47.095+03:30 level=INFO msg="queued all pods for status check" worker=2 count=1
time=2026-09-05T12:09:47.096+03:30 level=INFO msg="checked pod" worker=1 pod=nginx-1 phase="" ready="" error="Get \"https://127.0.0.1:65123/api/v1/namespaces/pod-manager/pods/nginx-1\": dial tcp 127.0.0.1:65123: connect: connection refused"
time=2026-09-05T12:11:47.094+03:30 level=INFO msg="queued all pods for status check" worker=2 count=1
time=2026-09-05T12:11:47.097+03:30 level=INFO msg="checked pod" worker=1 pod=nginx-1 phase="" ready="" error="Get \"https://127.0.0.1:65123/api/v1/namespaces/pod-manager/pods/nginx-1\": dial tcp 127.0.0.1:65123: connect: connection refused"
time=2026-09-05T12:13:47.093+03:30 level=INFO msg="queued all pods for status check" worker=2 count=1
time=2026-09-05T12:13:47.094+03:30 level=INFO msg="checked pod" worker=1 pod=nginx-1 phase="" ready="" error="Get \"https://127.0.0.1:65123/api/v1/namespaces/pod-manager/pods/nginx-1\": dial tcp 127.0.0.1:65123: connect: connection refused"
time=2026-09-05T12:15:47.091+03:30 level=INFO msg="queued all pods for status check" worker=2 count=1
time=2026-09-05T12:15:47.092+03:30 level=INFO msg="checked pod" worker=1 pod=nginx-1 phase="" ready="" error="Get \"https://127.0.0.1:65123/api/v1/namespaces/pod-manager/pods/nginx-1\": dial tcp 127.0.0.1:65123: connect: connection refused"
time=2026-09-05T12:17:47.091+03:30 level=INFO msg="queued all pods for status check" worker=2 count=1
time=2026-09-05T12:17:47.094+03:30 level=INFO msg="checked pod" worker=1 pod=nginx-1 phase="" ready="" error="Get \"https://127.0.0.1:65123/api/v1/namespaces/pod-manager/pods/nginx-1\": dial tcp 127.0.0.1:65123: connect: connection refused"
time=2026-09-05T12:19:47.090+03:30 level=INFO msg="queued all pods for status check" worker=2 count=1
time=2026-09-05T12:19:47.091+03:30 level=INFO msg="checked pod" worker=1 pod=nginx-1 phase="" ready="" error="Get \"https://127.0.0.1:65123/api/v1/namespaces/pod-manager/pods/nginx-1\": dial tcp 127.0.0.1:65123: connect: connection refused"
time=2026-09-05T12:21:47.091+03:30 level=INFO msg="queued all pods for status check" worker=2 count=1
time=2026-09-05T12:21:47.093+03:30 level=INFO msg="checked pod" worker=1 pod=nginx-1 phase="" ready="" error="Get \"https://127.0.0.1:65123/api/v1/namespaces/pod-manager/pods/nginx-1\": dial tcp 127.0.0.1:65123: connect: connection refused"
time=2026-09-05T12:23:47.088+03:30 level=INFO msg="queued all pods for status check" worker=2 count=1
time=2026-09-05T12:23:47.090+03:30 level=INFO msg="checked pod" worker=1 pod=nginx-1 phase="" ready="" error="Get \"https://127.0.0.1:65123/api/v1/namespaces/pod-manager/pods/nginx-1\": dial tcp 127.0.0.1:65123: connect: connection refused"
time=2026-09-05T12:25:47.195+03:30 level=INFO msg="queued all pods for status check" worker=2 count=1
time=2026-09-05T12:25:47.196+03:30 level=INFO msg="checked pod" worker=1 pod=nginx-1 phase="" ready="" error="Get \"https://127.0.0.1:65123/api/v1/namespaces/pod-manager/pods/nginx-1\": dial tcp 127.0.0.1:65123: connect: connection refused"
time=2026-09-05T12:27:47.194+03:30 level=INFO msg="queued all pods for status check" worker=2 count=1
time=2026-09-05T12:27:47.195+03:30 level=INFO msg="checked pod" worker=1 pod=nginx-1 phase="" ready="" error="Get \"https://127.0.0.1:65123/api/v1/namespaces/pod-manager/pods/nginx-1\": dial tcp 127.0.0.1:65123: connect: connection refused"
time=2026-09-05T12:29:47.195+03:30 level=INFO msg="queued all pods for status check" worker=2 count=1
time=2026-09-05T12:29:47.198+03:30 level=INFO msg="checked pod" worker=1 pod=nginx-1 phase="" ready="" error="Get \"https://127.0.0.1:65123/api/v1/namespaces/pod-manager/pods/nginx-1\": dial tcp 127.0.0.1:65123: connect: connection refused"
time=2026-09-05T12:31:47.196+03:30 level=INFO msg="queued all pods for status check" worker=2 count=1
time=2026-09-05T12:31:47.198+03:30 level=INFO msg="checked pod" worker=1 pod=nginx-1 phase="" ready="" error="Get \"https://127.0.0.1:65123/api/v1/namespaces/pod-manager/pods/nginx-1\": dial tcp 127.0.0.1:65123: connect: connection refused"
time=2026-09-05T12:33:47.197+03:30 level=INFO msg="queued all pods for status check" worker=2 count=1
time=2026-09-05T12:33:47.198+03:30 level=INFO msg="checked pod" worker=1 pod=nginx-1 phase="" ready="" error="Get \"https://127.0.0.1:65123/api/v1/namespaces/pod-manager/pods/nginx-1\": dial tcp 127.0.0.1:65123: connect: connection refused"
time=2026-09-05T12:35:47.210+03:30 level=INFO msg="queued all pods for status check" worker=2 count=1
time=2026-09-05T12:35:47.212+03:30 level=INFO msg="checked pod" worker=1 pod=nginx-1 phase="" ready="" error="Get \"https://127.0.0.1:65123/api/v1/namespaces/pod-manager/pods/nginx-1\": dial tcp 127.0.0.1:65123: connect: connection refused"
time=2026-09-05T12:37:47.211+03:30 level=INFO msg="queued all pods for status check" worker=2 count=1
time=2026-09-05T12:37:47.212+03:30 level=INFO msg="checked pod" worker=1 pod=nginx-1 phase="" ready="" error="Get \"https://127.0.0.1:65123/api/v1/namespaces/pod-manager/pods/nginx-1\": dial tcp 127.0.0.1:65123: connect: connection refused"
time=2026-09-05T12:39:47.212+03:30 level=INFO msg="queued all pods for status check" worker=2 count=1
time=2026-09-05T12:39:47.212+03:30 level=INFO msg="checked pod" worker=1 pod=nginx-1 phase="" ready="" error="Get \"https://127.0.0.1:65123/api/v1/namespaces/pod-manager/pods/nginx-1\": dial tcp 127.0.0.1:65123: connect: connection refused"
time=2026-09-05T12:41:47.212+03:30 level=INFO msg="queued all pods for status check" worker=2 count=1
time=2026-09-05T12:41:47.215+03:30 level=INFO msg="checked pod" worker=1 pod=nginx-1 phase="" ready="" error="Get \"https://127.0.0.1:65123/api/v1/namespaces/pod-manager/pods/nginx-1\": dial tcp 127.0.0.1:65123: connect: connection refused"
time=2026-09-05T12:43:47.212+03:30 level=INFO msg="queued all pods for status check" worker=2 count=1
time=2026-09-05T12:43:47.213+03:30 level=INFO msg="checked pod" worker=1 pod=nginx-1 phase="" ready="" error="Get \"https://127.0.0.1:65123/api/v1/namespaces/pod-manager/pods/nginx-1\": dial tcp 127.0.0.1:65123: connect: connection refused"
time=2026-09-05T12:45:47.213+03:30 level=INFO msg="queued all pods for status check" worker=2 count=1
time=2026-09-05T12:45:47.214+03:30 level=INFO msg="checked pod" worker=1 pod=nginx-1 phase="" ready="" error="Get \"https://127.0.0.1:65123/api/v1/namespaces/pod-manager/pods/nginx-1\": dial tcp 127.0.0.1:65123: connect: connection refused"
time=2026-09-05T12:47:47.215+03:30 level=INFO msg="queued all pods for status check" worker=2 count=1
time=2026-09-05T12:47:47.218+03:30 level=INFO msg="checked pod" worker=1 pod=nginx-1 phase="" ready="" error="Get \"https://127.0.0.1:65123/api/v1/namespaces/pod-manager/pods/nginx-1\": dial tcp 127.0.0.1:65123: connect: connection refused"
time=2026-09-05T12:49:47.216+03:30 level=INFO msg="queued all pods for status check" worker=2 count=1
time=2026-09-05T12:49:47.217+03:30 level=INFO msg="checked pod" worker=1 pod=nginx-1 phase="" ready="" error="Get \"https://127.0.0.1:65123/api/v1/namespaces/pod-manager/pods/nginx-1\": dial tcp 127.0.0.1:65123: connect: connection refused"
time=2026-09-05T12:51:47.217+03:30 level=INFO msg="queued all pods for status check" worker=2 count=1
time=2026-09-05T12:51:47.218+03:30 level=INFO msg="checked pod" worker=1 pod=nginx-1 phase="" ready="" error="Get \"https://127.0.0.1:65123/api/v1/namespaces/pod-manager/pods/nginx-1\": dial tcp 127.0.0.1:65123: connect: connection refused"
time=2026-09-05T12:53:47.218+03:30 level=INFO msg="queued all pods for status check" worker=2 count=1
time=2026-09-05T12:53:47.220+03:30 level=INFO msg="checked pod" worker=1 pod=nginx-1 phase="" ready="" error="Get \"https://127.0.0.1:65123/api/v1/namespaces/pod-manager/pods/nginx-1\": dial tcp 127.0.0.1:65123: connect: connection refused"
time=2026-09-05T12:55:47.217+03:30 level=INFO msg="queued all pods for status check" worker=2 count=1
time=2026-09-05T12:55:47.218+03:30 level=INFO msg="checked pod" worker=1 pod=nginx-1 phase="" ready="" error="Get \"https://127.0.0.1:65123/api/v1/namespaces/pod-manager/pods/nginx-1\": dial tcp 127.0.0.1:65123: connect: connection refused"
time=2026-09-05T12:57:47.219+03:30 level=INFO msg="queued all pods for status check" worker=2 count=1
time=2026-09-05T12:57:47.221+03:30 level=INFO msg="checked pod" worker=1 pod=nginx-1 phase="" ready="" error="Get \"https://127.0.0.1:65123/api/v1/namespaces/pod-manager/pods/nginx-1\": dial tcp 127.0.0.1:65123: connect: connection refused"
time=2026-09-05T12:59:47.219+03:30 level=INFO msg="queued all pods for status check" worker=2 count=1
time=2026-09-05T12:59:47.222+03:30 level=INFO msg="checked pod" worker=1 pod=nginx-1 phase="" ready="" error="Get \"https://127.0.0.1:65123/api/v1/namespaces/pod-manager/pods/nginx-1\": dial tcp 127.0.0.1:65123: connect: connection refused"
time=2026-09-05T13:01:47.221+03:30 level=INFO msg="queued all pods for status check" worker=2 count=1
time=2026-09-05T13:01:47.222+03:30 level=INFO msg="checked pod" worker=1 pod=nginx-1 phase="" ready="" error="Get \"https://127.0.0.1:65123/api/v1/namespaces/pod-manager/pods/nginx-1\": dial tcp 127.0.0.1:65123: connect: connection refused"
time=2026-09-05T13:03:47.222+03:30 level=INFO msg="queued all pods for status check" worker=2 count=1
time=2026-09-05T13:03:47.222+03:30 level=INFO msg="checked pod" worker=1 pod=nginx-1 phase="" ready="" error="Get \"https://127.0.0.1:65123/api/v1/namespaces/pod-manager/pods/nginx-1\": dial tcp 127.0.0.1:65123: connect: connection refused"
time=2026-09-05T13:05:47.225+03:30 level=INFO msg="queued all pods for status check" worker=2 count=1
time=2026-09-05T13:05:47.239+03:30 level=INFO msg="checked pod" worker=1 pod=nginx-1 phase="" ready="" error="Get \"https://127.0.0.1:65123/api/v1/namespaces/pod-manager/pods/nginx-1\": dial tcp 127.0.0.1:65123: connect: connection refused"
time=2026-09-05T13:07:47.223+03:30 level=INFO msg="queued all pods for status check" worker=2 count=1
time=2026-09-05T13:07:47.226+03:30 level=INFO msg="checked pod" worker=1 pod=nginx-1 phase="" ready="" error="Get \"https://127.0.0.1:65123/api/v1/namespaces/pod-manager/pods/nginx-1\": dial tcp 127.0.0.1:65123: connect: connection refused"
time=2026-09-05T13:09:47.223+03:30 level=INFO msg="queued all pods for status check" worker=2 count=1
time=2026-09-05T13:09:47.224+03:30 level=INFO msg="checked pod" worker=1 pod=nginx-1 phase="" ready="" error="Get \"https://127.0.0.1:65123/api/v1/namespaces/pod-manager/pods/nginx-1\": dial tcp 127.0.0.1:65123: connect: connection refused"
time=2026-09-05T13:11:47.233+03:30 level=INFO msg="queued all pods for status check" worker=2 count=1
time=2026-09-05T13:11:47.237+03:30 level=INFO msg="checked pod" worker=1 pod=nginx-1 phase="" ready="" error="Get \"https://127.0.0.1:65123/api/v1/namespaces/pod-manager/pods/nginx-1\": dial tcp 127.0.0.1:65123: connect: connection refused"
time=2026-09-05T13:13:47.235+03:30 level=INFO msg="queued all pods for status check" worker=2 count=1
time=2026-09-05T13:13:47.236+03:30 level=INFO msg="checked pod" worker=1 pod=nginx-1 phase="" ready="" error="Get \"https://127.0.0.1:65123/api/v1/namespaces/pod-manager/pods/nginx-1\": dial tcp 127.0.0.1:65123: connect: connection refused"
time=2026-09-05T13:15:47.236+03:30 level=INFO msg="queued all pods for status check" worker=2 count=1
time=2026-09-05T13:15:47.237+03:30 level=INFO msg="checked pod" worker=1 pod=nginx-1 phase="" ready="" error="Get \"https://127.0.0.1:65123/api/v1/namespaces/pod-manager/pods/nginx-1\": dial tcp 127.0.0.1:65123: connect: connection refused"
time=2026-09-05T13:17:47.237+03:30 level=INFO msg="queued all pods for status check" worker=2 count=1
time=2026-09-05T13:17:47.245+03:30 level=INFO msg="checked pod" worker=1 pod=nginx-1 phase="" ready="" error="Get \"https://127.0.0.1:65123/api/v1/namespaces/pod-manager/pods/nginx-1\": dial tcp 127.0.0.1:65123: connect: connection refused"
time=2026-09-05T13:19:47.238+03:30 level=INFO msg="queued all pods for status check" worker=2 count=1
time=2026-09-05T13:19:47.238+03:30 level=INFO msg="checked pod" worker=1 pod=nginx-1 phase="" ready="" error="Get \"https://127.0.0.1:65123/api/v1/namespaces/pod-manager/pods/nginx-1\": dial tcp 127.0.0.1:65123: connect: connection refused"
time=2026-09-05T13:21:47.239+03:30 level=INFO msg="queued all pods for status check" worker=2 count=1
time=2026-09-05T13:21:47.239+03:30 level=INFO msg="checked pod" worker=1 pod=nginx-1 phase="" ready="" error="Get \"https://127.0.0.1:65123/api/v1/namespaces/pod-manager/pods/nginx-1\": dial tcp 127.0.0.1:65123: connect: connection refused"
time=2026-09-05T13:23:47.244+03:30 level=INFO msg="queued all pods for status check" worker=2 count=1
time=2026-09-05T13:23:47.247+03:30 level=INFO msg="checked pod" worker=1 pod=nginx-1 phase="" ready="" error="Get \"https://127.0.0.1:65123/api/v1/namespaces/pod-manager/pods/nginx-1\": dial tcp 127.0.0.1:65123: connect: connection refused"
time=2026-09-05T13:25:47.241+03:30 level=INFO msg="queued all pods for status check" worker=2 count=1
time=2026-09-05T13:25:47.242+03:30 level=INFO msg="checked pod" worker=1 pod=nginx-1 phase="" ready="" error="Get \"https://127.0.0.1:65123/api/v1/namespaces/pod-manager/pods/nginx-1\": dial tcp 127.0.0.1:65123: connect: connection refused"
time=2026-09-05T13:27:47.229+03:30 level=INFO msg="queued all pods for status check" worker=2 count=1
time=2026-09-05T13:27:47.230+03:30 level=INFO msg="checked pod" worker=1 pod=nginx-1 phase="" ready="" error="Get \"https://127.0.0.1:65123/api/v1/namespaces/pod-manager/pods/nginx-1\": dial tcp 127.0.0.1:65123: connect: connection refused"
time=2026-09-05T13:29:47.229+03:30 level=INFO msg="queued all pods for status check" worker=2 count=1
time=2026-09-05T13:29:47.230+03:30 level=INFO msg="checked pod" worker=1 pod=nginx-1 phase="" ready="" error="Get \"https://127.0.0.1:65123/api/v1/namespaces/pod-manager/pods/nginx-1\": dial tcp 127.0.0.1:65123: connect: connection refused"
time=2026-09-05T13:31:47.227+03:30 level=INFO msg="queued all pods for status check" worker=2 count=1
time=2026-09-05T13:31:47.228+03:30 level=INFO msg="checked pod" worker=1 pod=nginx-1 phase="" ready="" error="Get \"https://127.0.0.1:65123/api/v1/namespaces/pod-manager/pods/nginx-1\": dial tcp 127.0.0.1:65123: connect: connection refused"
time=2026-09-05T13:33:47.228+03:30 level=INFO msg="queued all pods for status check" worker=2 count=1
time=2026-09-05T13:33:47.229+03:30 level=INFO msg="checked pod" worker=1 pod=nginx-1 phase="" ready="" error="Get \"https://127.0.0.1:65123/api/v1/namespaces/pod-manager/pods/nginx-1\": dial tcp 127.0.0.1:65123: connect: connection refused"
time=2026-09-05T13:35:47.229+03:30 level=INFO msg="queued all pods for status check" worker=2 count=1
time=2026-09-05T13:35:47.232+03:30 level=INFO msg="checked pod" worker=1 pod=nginx-1 phase="" ready="" error="Get \"https://127.0.0.1:65123/api/v1/namespaces/pod-manager/pods/nginx-1\": dial tcp 127.0.0.1:65123: connect: connection refused"
time=2026-09-05T13:37:47.229+03:30 level=INFO msg="queued all pods for status check" worker=2 count=1
time=2026-09-05T13:37:47.230+03:30 level=INFO msg="checked pod" worker=1 pod=nginx-1 phase="" ready="" error="Get \"https://127.0.0.1:65123/api/v1/namespaces/pod-manager/pods/nginx-1\": dial tcp 127.0.0.1:65123: connect: connection refused"
time=2026-09-05T13:39:47.230+03:30 level=INFO msg="queued all pods for status check" worker=2 count=1
time=2026-09-05T13:39:47.231+03:30 level=INFO msg="checked pod" worker=1 pod=nginx-1 phase="" ready="" error="Get \"https://127.0.0.1:65123/api/v1/namespaces/pod-manager/pods/nginx-1\": dial tcp 127.0.0.1:65123: connect: connection refused"
time=2026-09-05T13:41:47.231+03:30 level=INFO msg="queued all pods for status check" worker=2 count=1
time=2026-09-05T13:41:47.234+03:30 level=INFO msg="checked pod" worker=1 pod=nginx-1 phase="" ready="" error="Get \"https://127.0.0.1:65123/api/v1/namespaces/pod-manager/pods/nginx-1\": dial tcp 127.0.0.1:65123: connect: connection refused"
time=2026-09-05T13:43:47.216+03:30 level=INFO msg="queued all pods for status check" worker=2 count=1
time=2026-09-05T13:43:47.217+03:30 level=INFO msg="checked pod" worker=1 pod=nginx-1 phase="" ready="" error="Get \"https://127.0.0.1:65123/api/v1/namespaces/pod-manager/pods/nginx-1\": dial tcp 127.0.0.1:65123: connect: connection refused"
time=2026-09-05T13:45:47.213+03:30 level=INFO msg="queued all pods for status check" worker=2 count=1
time=2026-09-05T13:45:47.214+03:30 level=INFO msg="checked pod" worker=1 pod=nginx-1 phase="" ready="" error="Get \"https://127.0.0.1:65123/api/v1/namespaces/pod-manager/pods/nginx-1\": dial tcp 127.0.0.1:65123: connect: connection refused"
time=2026-09-05T13:47:47.213+03:30 level=INFO msg="queued all pods for status check" worker=2 count=1
time=2026-09-05T13:47:47.216+03:30 level=INFO msg="checked pod" worker=1 pod=nginx-1 phase="" ready="" error="Get \"https://127.0.0.1:65123/api/v1/namespaces/pod-manager/pods/nginx-1\": dial tcp 127.0.0.1:65123: connect: connection refused"
time=2026-09-05T13:49:47.214+03:30 level=INFO msg="queued all pods for status check" worker=2 count=1
time=2026-09-05T13:49:47.215+03:30 level=INFO msg="checked pod" worker=1 pod=nginx-1 phase="" ready="" error="Get \"https://127.0.0.1:65123/api/v1/namespaces/pod-manager/pods/nginx-1\": dial tcp 127.0.0.1:65123: connect: connection refused"
time=2026-09-05T13:51:47.216+03:30 level=INFO msg="queued all pods for status check" worker=2 count=1
time=2026-09-05T13:51:47.217+03:30 level=INFO msg="checked pod" worker=1 pod=nginx-1 phase="" ready="" error="Get \"https://127.0.0.1:65123/api/v1/namespaces/pod-manager/pods/nginx-1\": dial tcp 127.0.0.1:65123: connect: connection refused"
time=2026-09-05T13:53:47.215+03:30 level=INFO msg="queued all pods for status check" worker=2 count=1
time=2026-09-05T13:53:47.217+03:30 level=INFO msg="checked pod" worker=1 pod=nginx-1 phase="" ready="" error="Get \"https://127.0.0.1:65123/api/v1/namespaces/pod-manager/pods/nginx-1\": dial tcp 127.0.0.1:65123: connect: connection refused"
time=2026-09-05T13:55:47.216+03:30 level=INFO msg="queued all pods for status check" worker=2 count=1
time=2026-09-05T13:55:47.217+03:30 level=INFO msg="checked pod" worker=1 pod=nginx-1 phase="" ready="" error="Get \"https://127.0.0.1:65123/api/v1/namespaces/pod-manager/pods/nginx-1\": dial tcp 127.0.0.1:65123: connect: connection refused"
time=2026-09-05T13:57:47.216+03:30 level=INFO msg="queued all pods for status check" worker=2 count=1
time=2026-09-05T13:57:47.217+03:30 level=INFO msg="checked pod" worker=1 pod=nginx-1 phase="" ready="" error="Get \"https://127.0.0.1:65123/api/v1/namespaces/pod-manager/pods/nginx-1\": dial tcp 127.0.0.1:65123: connect: connection refused"
time=2026-09-05T13:59:47.216+03:30 level=INFO msg="queued all pods for status check" worker=2 count=1
time=2026-09-05T13:59:47.218+03:30 level=INFO msg="checked pod" worker=1 pod=nginx-1 phase="" ready="" error="Get \"https://127.0.0.1:65123/api/v1/namespaces/pod-manager/pods/nginx-1\": dial tcp 127.0.0.1:65123: connect: connection refused"
time=2026-09-05T14:01:47.216+03:30 level=INFO msg="queued all pods for status check" worker=2 count=1
time=2026-09-05T14:01:47.218+03:30 level=INFO msg="checked pod" worker=1 pod=nginx-1 phase="" ready="" error="Get \"https://127.0.0.1:65123/api/v1/namespaces/pod-manager/pods/nginx-1\": dial tcp 127.0.0.1:65123: connect: connection refused"
time=2026-09-05T14:03:47.216+03:30 level=INFO msg="queued all pods for status check" worker=2 count=1
time=2026-09-05T14:03:47.217+03:30 level=INFO msg="checked pod" worker=1 pod=nginx-1 phase="" ready="" error="Get \"https://127.0.0.1:65123/api/v1/namespaces/pod-manager/pods/nginx-1\": dial tcp 127.0.0.1:65123: connect: connection refused"
time=2026-09-05T14:05:47.217+03:30 level=INFO msg="queued all pods for status check" worker=2 count=1
time=2026-09-05T14:05:47.219+03:30 level=INFO msg="checked pod" worker=1 pod=nginx-1 phase="" ready="" error="Get \"https://127.0.0.1:65123/api/v1/namespaces/pod-manager/pods/nginx-1\": dial tcp 127.0.0.1:65123: connect: connection refused"
time=2026-09-05T14:07:47.218+03:30 level=INFO msg="queued all pods for status check" worker=2 count=1
time=2026-09-05T14:07:47.219+03:30 level=INFO msg="checked pod" worker=1 pod=nginx-1 phase="" ready="" error="Get \"https://127.0.0.1:65123/api/v1/namespaces/pod-manager/pods/nginx-1\": dial tcp 127.0.0.1:65123: connect: connection refused"
time=2026-09-05T14:09:47.218+03:30 level=INFO msg="queued all pods for status check" worker=2 count=1
time=2026-09-05T14:09:47.220+03:30 level=INFO msg="checked pod" worker=1 pod=nginx-1 phase="" ready="" error="Get \"https://127.0.0.1:65123/api/v1/namespaces/pod-manager/pods/nginx-1\": dial tcp 127.0.0.1:65123: connect: connection refused"
time=2026-09-05T14:11:47.219+03:30 level=INFO msg="queued all pods for status check" worker=2 count=1
time=2026-09-05T14:11:47.223+03:30 level=INFO msg="checked pod" worker=1 pod=nginx-1 phase="" ready="" error="Get \"https://127.0.0.1:65123/api/v1/namespaces/pod-manager/pods/nginx-1\": dial tcp 127.0.0.1:65123: connect: connection refused"
time=2026-09-05T14:13:47.220+03:30 level=INFO msg="queued all pods for status check" worker=2 count=1
time=2026-09-05T14:13:47.221+03:30 level=INFO msg="checked pod" worker=1 pod=nginx-1 phase="" ready="" error="Get \"https://127.0.0.1:65123/api/v1/namespaces/pod-manager/pods/nginx-1\": dial tcp 127.0.0.1:65123: connect: connection refused"
time=2026-09-05T14:15:47.169+03:30 level=INFO msg="queued all pods for status check" worker=2 count=1
time=2026-09-05T14:15:47.170+03:30 level=INFO msg="checked pod" worker=1 pod=nginx-1 phase="" ready="" error="Get \"https://127.0.0.1:65123/api/v1/namespaces/pod-manager/pods/nginx-1\": dial tcp 127.0.0.1:65123: connect: connection refused"
time=2026-09-05T14:17:47.169+03:30 level=INFO msg="queued all pods for status check" worker=2 count=1
time=2026-09-05T14:17:47.173+03:30 level=INFO msg="checked pod" worker=1 pod=nginx-1 phase="" ready="" error="Get \"https://127.0.0.1:65123/api/v1/namespaces/pod-manager/pods/nginx-1\": dial tcp 127.0.0.1:65123: connect: connection refused"
time=2026-09-05T14:19:47.169+03:30 level=INFO msg="queued all pods for status check" worker=2 count=1
time=2026-09-05T14:19:47.170+03:30 level=INFO msg="checked pod" worker=1 pod=nginx-1 phase="" ready="" error="Get \"https://127.0.0.1:65123/api/v1/namespaces/pod-manager/pods/nginx-1\": dial tcp 127.0.0.1:65123: connect: connection refused"
time=2026-09-05T14:21:47.167+03:30 level=INFO msg="queued all pods for status check" worker=2 count=1
time=2026-09-05T14:21:47.170+03:30 level=INFO msg="checked pod" worker=1 pod=nginx-1 phase="" ready="" error="Get \"https://127.0.0.1:65123/api/v1/namespaces/pod-manager/pods/nginx-1\": dial tcp 127.0.0.1:65123: connect: connection refused"
time=2026-09-05T14:23:47.168+03:30 level=INFO msg="queued all pods for status check" worker=2 count=1
time=2026-09-05T14:23:47.170+03:30 level=INFO msg="checked pod" worker=1 pod=nginx-1 phase="" ready="" error="Get \"https://127.0.0.1:65123/api/v1/namespaces/pod-manager/pods/nginx-1\": dial tcp 127.0.0.1:65123: connect: connection refused"
time=2026-09-05T14:25:47.169+03:30 level=INFO msg="queued all pods for status check" worker=2 count=1
time=2026-09-05T14:25:47.170+03:30 level=INFO msg="checked pod" worker=1 pod=nginx-1 phase="" ready="" error="Get \"https://127.0.0.1:65123/api/v1/namespaces/pod-manager/pods/nginx-1\": dial tcp 127.0.0.1:65123: connect: connection refused"
time=2026-09-05T14:27:47.168+03:30 level=INFO msg="queued all pods for status check" worker=2 count=1
time=2026-09-05T14:27:47.169+03:30 level=INFO msg="checked pod" worker=1 pod=nginx-1 phase="" ready="" error="Get \"https://127.0.0.1:65123/api/v1/namespaces/pod-manager/pods/nginx-1\": dial tcp 127.0.0.1:65123: connect: connection refused"
time=2026-09-05T14:29:47.167+03:30 level=INFO msg="queued all pods for status check" worker=2 count=1
time=2026-09-05T14:29:47.169+03:30 level=INFO msg="checked pod" worker=1 pod=nginx-1 phase="" ready="" error="Get \"https://127.0.0.1:65123/api/v1/namespaces/pod-manager/pods/nginx-1\": dial tcp 127.0.0.1:65123: connect: connection refused"
time=2026-09-05T14:31:47.143+03:30 level=INFO msg="queued all pods for status check" worker=2 count=1
time=2026-09-05T14:31:47.144+03:30 level=INFO msg="checked pod" worker=1 pod=nginx-1 phase="" ready="" error="Get \"https://127.0.0.1:65123/api/v1/namespaces/pod-manager/pods/nginx-1\": dial tcp 127.0.0.1:65123: connect: connection refused"
time=2026-09-05T14:33:47.137+03:30 level=INFO msg="queued all pods for status check" worker=2 count=1
time=2026-09-05T14:33:47.139+03:30 level=INFO msg="checked pod" worker=1 pod=nginx-1 phase="" ready="" error="Get \"https://127.0.0.1:65123/api/v1/namespaces/pod-manager/pods/nginx-1\": dial tcp 127.0.0.1:65123: connect: connection refused"
time=2026-09-05T14:35:47.138+03:30 level=INFO msg="queued all pods for status check" worker=2 count=1
time=2026-09-05T14:35:47.140+03:30 level=INFO msg="checked pod" worker=1 pod=nginx-1 phase="" ready="" error="Get \"https://127.0.0.1:65123/api/v1/namespaces/pod-manager/pods/nginx-1\": dial tcp 127.0.0.1:65123: connect: connection refused"
time=2026-09-05T14:37:47.136+03:30 level=INFO msg="queued all pods for status check" worker=2 count=1
time=2026-09-05T14:37:47.138+03:30 level=INFO msg="checked pod" worker=1 pod=nginx-1 phase="" ready="" error="Get \"https://127.0.0.1:65123/api/v1/namespaces/pod-manager/pods/nginx-1\": dial tcp 127.0.0.1:65123: connect: connection refused"
time=2026-09-05T14:39:47.136+03:30 level=INFO msg="queued all pods for status check" worker=2 count=1
time=2026-09-05T14:39:47.137+03:30 level=INFO msg="checked pod" worker=1 pod=nginx-1 phase="" ready="" error="Get \"https://127.0.0.1:65123/api/v1/namespaces/pod-manager/pods/nginx-1\": dial tcp 127.0.0.1:65123: connect: connection refused"
time=2026-09-05T14:41:47.135+03:30 level=INFO msg="queued all pods for status check" worker=2 count=1
time=2026-09-05T14:41:47.138+03:30 level=INFO msg="checked pod" worker=1 pod=nginx-1 phase="" ready="" error="Get \"https://127.0.0.1:65123/api/v1/namespaces/pod-manager/pods/nginx-1\": dial tcp 127.0.0.1:65123: connect: connection refused"
time=2026-09-05T14:43:47.135+03:30 level=INFO msg="queued all pods for status check" worker=2 count=1
time=2026-09-05T14:43:47.139+03:30 level=INFO msg="checked pod" worker=1 pod=nginx-1 phase="" ready="" error="Get \"https://127.0.0.1:65123/api/v1/namespaces/pod-manager/pods/nginx-1\": dial tcp 127.0.0.1:65123: connect: connection refused"
time=2026-09-05T14:45:47.134+03:30 level=INFO msg="queued all pods for status check" worker=2 count=1
time=2026-09-05T14:45:47.135+03:30 level=INFO msg="checked pod" worker=1 pod=nginx-1 phase="" ready="" error="Get \"https://127.0.0.1:65123/api/v1/namespaces/pod-manager/pods/nginx-1\": dial tcp 127.0.0.1:65123: connect: connection refused"
time=2026-09-05T14:47:47.116+03:30 level=INFO msg="queued all pods for status check" worker=2 count=1
time=2026-09-05T14:47:47.119+03:30 level=INFO msg="checked pod" worker=1 pod=nginx-1 phase="" ready="" error="Get \"https://127.0.0.1:65123/api/v1/namespaces/pod-manager/pods/nginx-1\": dial tcp 127.0.0.1:65123: connect: connection refused"
time=2026-09-05T14:49:47.111+03:30 level=INFO msg="queued all pods for status check" worker=2 count=1
time=2026-09-05T14:49:47.114+03:30 level=INFO msg="checked pod" worker=1 pod=nginx-1 phase="" ready="" error="Get \"https://127.0.0.1:65123/api/v1/namespaces/pod-manager/pods/nginx-1\": dial tcp 127.0.0.1:65123: connect: connection refused"
time=2026-09-05T14:51:47.110+03:30 level=INFO msg="queued all pods for status check" worker=2 count=1
time=2026-09-05T14:51:47.112+03:30 level=INFO msg="checked pod" worker=1 pod=nginx-1 phase="" ready="" error="Get \"https://127.0.0.1:65123/api/v1/namespaces/pod-manager/pods/nginx-1\": dial tcp 127.0.0.1:65123: connect: connection refused"
time=2026-09-05T14:53:47.110+03:30 level=INFO msg="queued all pods for status check" worker=2 count=1
time=2026-09-05T14:53:47.112+03:30 level=INFO msg="checked pod" worker=1 pod=nginx-1 phase="" ready="" error="Get \"https://127.0.0.1:65123/api/v1/namespaces/pod-manager/pods/nginx-1\": dial tcp 127.0.0.1:65123: connect: connection refused"
time=2026-09-05T14:55:47.108+03:30 level=INFO msg="queued all pods for status check" worker=2 count=1
time=2026-09-05T14:55:47.109+03:30 level=INFO msg="checked pod" worker=1 pod=nginx-1 phase="" ready="" error="Get \"https://127.0.0.1:65123/api/v1/namespaces/pod-manager/pods/nginx-1\": dial tcp 127.0.0.1:65123: connect: connection refused"
time=2026-09-05T14:57:47.108+03:30 level=INFO msg="queued all pods for status check" worker=2 count=1
time=2026-09-05T14:57:47.111+03:30 level=INFO msg="checked pod" worker=1 pod=nginx-1 phase="" ready="" error="Get \"https://127.0.0.1:65123/api/v1/namespaces/pod-manager/pods/nginx-1\": dial tcp 127.0.0.1:65123: connect: connection refused"
time=2026-09-05T14:59:47.107+03:30 level=INFO msg="queued all pods for status check" worker=2 count=1
time=2026-09-05T14:59:47.110+03:30 level=INFO msg="checked pod" worker=1 pod=nginx-1 phase="" ready="" error="Get \"https://127.0.0.1:65123/api/v1/namespaces/pod-manager/pods/nginx-1\": dial tcp 127.0.0.1:65123: connect: connection refused"
time=2026-09-05T15:01:47.106+03:30 level=INFO msg="queued all pods for status check" worker=2 count=1
time=2026-09-05T15:01:47.110+03:30 level=INFO msg="checked pod" worker=1 pod=nginx-1 phase="" ready="" error="Get \"https://127.0.0.1:65123/api/v1/namespaces/pod-manager/pods/nginx-1\": dial tcp 127.0.0.1:65123: connect: connection refused"
time=2026-09-05T15:03:47.216+03:30 level=INFO msg="queued all pods for status check" worker=2 count=1
time=2026-09-05T15:03:47.217+03:30 level=INFO msg="checked pod" worker=1 pod=nginx-1 phase="" ready="" error="Get \"https://127.0.0.1:65123/api/v1/namespaces/pod-manager/pods/nginx-1\": dial tcp 127.0.0.1:65123: connect: connection refused"
time=2026-09-05T15:05:47.217+03:30 level=INFO msg="queued all pods for status check" worker=2 count=1
time=2026-09-05T15:05:47.221+03:30 level=INFO msg="checked pod" worker=1 pod=nginx-1 phase="" ready="" error="Get \"https://127.0.0.1:65123/api/v1/namespaces/pod-manager/pods/nginx-1\": dial tcp 127.0.0.1:65123: connect: connection refused"
time=2026-09-05T15:07:47.217+03:30 level=INFO msg="queued all pods for status check" worker=2 count=1
time=2026-09-05T15:07:47.218+03:30 level=INFO msg="checked pod" worker=1 pod=nginx-1 phase="" ready="" error="Get \"https://127.0.0.1:65123/api/v1/namespaces/pod-manager/pods/nginx-1\": dial tcp 127.0.0.1:65123: connect: connection refused"
time=2026-09-05T15:09:47.217+03:30 level=INFO msg="queued all pods for status check" worker=2 count=1
time=2026-09-05T15:09:47.219+03:30 level=INFO msg="checked pod" worker=1 pod=nginx-1 phase="" ready="" error="Get \"https://127.0.0.1:65123/api/v1/namespaces/pod-manager/pods/nginx-1\": dial tcp 127.0.0.1:65123: connect: connection refused"
time=2026-09-05T15:11:47.219+03:30 level=INFO msg="queued all pods for status check" worker=2 count=1
time=2026-09-05T15:11:47.226+03:30 level=INFO msg="checked pod" worker=1 pod=nginx-1 phase="" ready="" error="Get \"https://127.0.0.1:65123/api/v1/namespaces/pod-manager/pods/nginx-1\": dial tcp 127.0.0.1:65123: connect: connection refused"
time=2026-09-05T15:13:47.219+03:30 level=INFO msg="queued all pods for status check" worker=2 count=1
time=2026-09-05T15:13:47.221+03:30 level=INFO msg="checked pod" worker=1 pod=nginx-1 phase="" ready="" error="Get \"https://127.0.0.1:65123/api/v1/namespaces/pod-manager/pods/nginx-1\": dial tcp 127.0.0.1:65123: connect: connection refused"
time=2026-09-05T15:15:47.219+03:30 level=INFO msg="queued all pods for status check" worker=2 count=1
time=2026-09-05T15:15:47.224+03:30 level=INFO msg="checked pod" worker=1 pod=nginx-1 phase="" ready="" error="Get \"https://127.0.0.1:65123/api/v1/namespaces/pod-manager/pods/nginx-1\": dial tcp 127.0.0.1:65123: connect: connection refused"
time=2026-09-05T15:17:47.219+03:30 level=INFO msg="queued all pods for status check" worker=2 count=1
time=2026-09-05T15:17:47.223+03:30 level=INFO msg="checked pod" worker=1 pod=nginx-1 phase="" ready="" error="Get \"https://127.0.0.1:65123/api/v1/namespaces/pod-manager/pods/nginx-1\": dial tcp 127.0.0.1:65123: connect: connection refused"
time=2026-09-05T15:19:47.255+03:30 level=INFO msg="queued all pods for status check" worker=2 count=1
time=2026-09-05T15:19:47.256+03:30 level=INFO msg="checked pod" worker=1 pod=nginx-1 phase="" ready="" error="Get \"https://127.0.0.1:65123/api/v1/namespaces/pod-manager/pods/nginx-1\": dial tcp 127.0.0.1:65123: connect: connection refused"
time=2026-09-05T15:21:47.263+03:30 level=INFO msg="queued all pods for status check" worker=2 count=1
time=2026-09-05T15:21:47.264+03:30 level=INFO msg="checked pod" worker=1 pod=nginx-1 phase="" ready="" error="Get \"https://127.0.0.1:65123/api/v1/namespaces/pod-manager/pods/nginx-1\": dial tcp 127.0.0.1:65123: connect: connection refused"
time=2026-09-05T15:23:47.266+03:30 level=INFO msg="queued all pods for status check" worker=2 count=1
time=2026-09-05T15:23:47.268+03:30 level=INFO msg="checked pod" worker=1 pod=nginx-1 phase="" ready="" error="Get \"https://127.0.0.1:65123/api/v1/namespaces/pod-manager/pods/nginx-1\": dial tcp 127.0.0.1:65123: connect: connection refused"
time=2026-09-05T15:25:47.266+03:30 level=INFO msg="queued all pods for status check" worker=2 count=1
time=2026-09-05T15:25:47.268+03:30 level=INFO msg="checked pod" worker=1 pod=nginx-1 phase="" ready="" error="Get \"https://127.0.0.1:65123/api/v1/namespaces/pod-manager/pods/nginx-1\": dial tcp 127.0.0.1:65123: connect: connection refused"
time=2026-09-05T15:27:47.267+03:30 level=INFO msg="queued all pods for status check" worker=2 count=1
time=2026-09-05T15:27:47.268+03:30 level=INFO msg="checked pod" worker=1 pod=nginx-1 phase="" ready="" error="Get \"https://127.0.0.1:65123/api/v1/namespaces/pod-manager/pods/nginx-1\": dial tcp 127.0.0.1:65123: connect: connection refused"
time=2026-09-05T15:29:47.268+03:30 level=INFO msg="queued all pods for status check" worker=2 count=1
time=2026-09-05T15:29:47.270+03:30 level=INFO msg="checked pod" worker=1 pod=nginx-1 phase="" ready="" error="Get \"https://127.0.0.1:65123/api/v1/namespaces/pod-manager/pods/nginx-1\": dial tcp 127.0.0.1:65123: connect: connection refused"
time=2026-09-05T15:31:47.269+03:30 level=INFO msg="queued all pods for status check" worker=2 count=1
time=2026-09-05T15:31:47.270+03:30 level=INFO msg="checked pod" worker=1 pod=nginx-1 phase="" ready="" error="Get \"https://127.0.0.1:65123/api/v1/namespaces/pod-manager/pods/nginx-1\": dial tcp 127.0.0.1:65123: connect: connection refused"
time=2026-09-05T15:33:47.269+03:30 level=INFO msg="queued all pods for status check" worker=2 count=1
time=2026-09-05T15:33:47.271+03:30 level=INFO msg="checked pod" worker=1 pod=nginx-1 phase="" ready="" error="Get \"https://127.0.0.1:65123/api/v1/namespaces/pod-manager/pods/nginx-1\": dial tcp 127.0.0.1:65123: connect: connection refused"
time=2026-09-05T15:35:47.270+03:30 level=INFO msg="queued all pods for status check" worker=2 count=1
time=2026-09-05T15:35:47.273+03:30 level=INFO msg="checked pod" worker=1 pod=nginx-1 phase="" ready="" error="Get \"https://127.0.0.1:65123/api/v1/namespaces/pod-manager/pods/nginx-1\": dial tcp 127.0.0.1:65123: connect: connection refused"
time=2026-09-05T15:37:47.272+03:30 level=INFO msg="queued all pods for status check" worker=2 count=1
time=2026-09-05T15:37:47.274+03:30 level=INFO msg="checked pod" worker=1 pod=nginx-1 phase="" ready="" error="Get \"https://127.0.0.1:65123/api/v1/namespaces/pod-manager/pods/nginx-1\": dial tcp 127.0.0.1:65123: connect: connection refused"
time=2026-09-05T15:39:47.273+03:30 level=INFO msg="queued all pods for status check" worker=2 count=1
time=2026-09-05T15:39:47.274+03:30 level=INFO msg="checked pod" worker=1 pod=nginx-1 phase="" ready="" error="Get \"https://127.0.0.1:65123/api/v1/namespaces/pod-manager/pods/nginx-1\": dial tcp 127.0.0.1:65123: connect: connection refused"
time=2026-09-05T15:41:47.275+03:30 level=INFO msg="queued all pods for status check" worker=2 count=1
time=2026-09-05T15:41:47.283+03:30 level=INFO msg="checked pod" worker=1 pod=nginx-1 phase="" ready="" error="Get \"https://127.0.0.1:65123/api/v1/namespaces/pod-manager/pods/nginx-1\": dial tcp 127.0.0.1:65123: connect: connection refused"
time=2026-09-05T15:43:47.275+03:30 level=INFO msg="queued all pods for status check" worker=2 count=1
time=2026-09-05T15:43:47.279+03:30 level=INFO msg="checked pod" worker=1 pod=nginx-1 phase="" ready="" error="Get \"https://127.0.0.1:65123/api/v1/namespaces/pod-manager/pods/nginx-1\": dial tcp 127.0.0.1:65123: connect: connection refused"
time=2026-09-05T15:45:47.276+03:30 level=INFO msg="queued all pods for status check" worker=2 count=1
time=2026-09-05T15:45:47.277+03:30 level=INFO msg="checked pod" worker=1 pod=nginx-1 phase="" ready="" error="Get \"https://127.0.0.1:65123/api/v1/namespaces/pod-manager/pods/nginx-1\": dial tcp 127.0.0.1:65123: connect: connection refused"
time=2026-09-05T15:47:47.277+03:30 level=INFO msg="queued all pods for status check" worker=2 count=1
time=2026-09-05T15:47:47.280+03:30 level=INFO msg="checked pod" worker=1 pod=nginx-1 phase="" ready="" error="Get \"https://127.0.0.1:65123/api/v1/namespaces/pod-manager/pods/nginx-1\": dial tcp 127.0.0.1:65123: connect: connection refused"
time=2026-09-05T15:49:47.278+03:30 level=INFO msg="queued all pods for status check" worker=2 count=1
time=2026-09-05T15:49:47.280+03:30 level=INFO msg="checked pod" worker=1 pod=nginx-1 phase="" ready="" error="Get \"https://127.0.0.1:65123/api/v1/namespaces/pod-manager/pods/nginx-1\": dial tcp 127.0.0.1:65123: connect: connection refused"
time=2026-09-05T15:51:47.277+03:30 level=INFO msg="queued all pods for status check" worker=2 count=1
time=2026-09-05T15:51:47.278+03:30 level=INFO msg="checked pod" worker=1 pod=nginx-1 phase="" ready="" error="Get \"https://127.0.0.1:65123/api/v1/namespaces/pod-manager/pods/nginx-1\": dial tcp 127.0.0.1:65123: connect: connection refused"
time=2026-09-05T15:53:47.278+03:30 level=INFO msg="queued all pods for status check" worker=2 count=1
time=2026-09-05T15:53:47.280+03:30 level=INFO msg="checked pod" worker=1 pod=nginx-1 phase="" ready="" error="Get \"https://127.0.0.1:65123/api/v1/namespaces/pod-manager/pods/nginx-1\": dial tcp 127.0.0.1:65123: connect: connection refused"
time=2026-09-05T15:55:47.277+03:30 level=INFO msg="queued all pods for status check" worker=2 count=1
time=2026-09-05T15:55:47.279+03:30 level=INFO msg="checked pod" worker=1 pod=nginx-1 phase="" ready="" error="Get \"https://127.0.0.1:65123/api/v1/namespaces/pod-manager/pods/nginx-1\": dial tcp 127.0.0.1:65123: connect: connection refused"
time=2026-09-05T15:57:47.279+03:30 level=INFO msg="queued all pods for status check" worker=2 count=1
time=2026-09-05T15:57:47.280+03:30 level=INFO msg="checked pod" worker=1 pod=nginx-1 phase="" ready="" error="Get \"https://127.0.0.1:65123/api/v1/namespaces/pod-manager/pods/nginx-1\": dial tcp 127.0.0.1:65123: connect: connection refused"
time=2026-09-05T15:59:47.280+03:30 level=INFO msg="queued all pods for status check" worker=2 count=1
time=2026-09-05T15:59:47.282+03:30 level=INFO msg="checked pod" worker=1 pod=nginx-1 phase="" ready="" error="Get \"https://127.0.0.1:65123/api/v1/namespaces/pod-manager/pods/nginx-1\": dial tcp 127.0.0.1:65123: connect: connection refused"
time=2026-09-05T16:01:47.281+03:30 level=INFO msg="queued all pods for status check" worker=2 count=1
time=2026-09-05T16:01:47.282+03:30 level=INFO msg="checked pod" worker=1 pod=nginx-1 phase="" ready="" error="Get \"https://127.0.0.1:65123/api/v1/namespaces/pod-manager/pods/nginx-1\": dial tcp 127.0.0.1:65123: connect: connection refused"
time=2026-09-05T16:03:47.282+03:30 level=INFO msg="queued all pods for status check" worker=2 count=1
time=2026-09-05T16:03:47.283+03:30 level=INFO msg="checked pod" worker=1 pod=nginx-1 phase="" ready="" error="Get \"https://127.0.0.1:65123/api/v1/namespaces/pod-manager/pods/nginx-1\": dial tcp 127.0.0.1:65123: connect: connection refused"
time=2026-09-05T16:05:47.283+03:30 level=INFO msg="queued all pods for status check" worker=2 count=1
time=2026-09-05T16:05:47.284+03:30 level=INFO msg="checked pod" worker=1 pod=nginx-1 phase="" ready="" error="Get \"https://127.0.0.1:65123/api/v1/namespaces/pod-manager/pods/nginx-1\": dial tcp 127.0.0.1:65123: connect: connection refused"
time=2026-09-05T16:07:47.281+03:30 level=INFO msg="queued all pods for status check" worker=2 count=1
time=2026-09-05T16:07:47.282+03:30 level=INFO msg="checked pod" worker=1 pod=nginx-1 phase="" ready="" error="Get \"https://127.0.0.1:65123/api/v1/namespaces/pod-manager/pods/nginx-1\": dial tcp 127.0.0.1:65123: connect: connection refused"
time=2026-09-05T16:09:47.282+03:30 level=INFO msg="queued all pods for status check" worker=2 count=1
time=2026-09-05T16:09:47.283+03:30 level=INFO msg="checked pod" worker=1 pod=nginx-1 phase="" ready="" error="Get \"https://127.0.0.1:65123/api/v1/namespaces/pod-manager/pods/nginx-1\": dial tcp 127.0.0.1:65123: connect: connection refused"
time=2026-09-05T16:11:47.283+03:30 level=INFO msg="queued all pods for status check" worker=2 count=1
time=2026-09-05T16:11:47.286+03:30 level=INFO msg="checked pod" worker=1 pod=nginx-1 phase="" ready="" error="Get \"https://127.0.0.1:65123/api/v1/namespaces/pod-manager/pods/nginx-1\": dial tcp 127.0.0.1:65123: connect: connection refused"
time=2026-09-05T16:13:47.284+03:30 level=INFO msg="queued all pods for status check" worker=2 count=1
time=2026-09-05T16:13:47.286+03:30 level=INFO msg="checked pod" worker=1 pod=nginx-1 phase="" ready="" error="Get \"https://127.0.0.1:65123/api/v1/namespaces/pod-manager/pods/nginx-1\": dial tcp 127.0.0.1:65123: connect: connection refused"
time=2026-09-05T16:15:47.285+03:30 level=INFO msg="queued all pods for status check" worker=2 count=1
time=2026-09-05T16:15:47.288+03:30 level=INFO msg="checked pod" worker=1 pod=nginx-1 phase="" ready="" error="Get \"https://127.0.0.1:65123/api/v1/namespaces/pod-manager/pods/nginx-1\": dial tcp 127.0.0.1:65123: connect: connection refused"
time=2026-09-05T16:17:47.286+03:30 level=INFO msg="queued all pods for status check" worker=2 count=1
time=2026-09-05T16:17:47.288+03:30 level=INFO msg="checked pod" worker=1 pod=nginx-1 phase="" ready="" error="Get \"https://127.0.0.1:65123/api/v1/namespaces/pod-manager/pods/nginx-1\": dial tcp 127.0.0.1:65123: connect: connection refused"
time=2026-09-05T16:19:47.287+03:30 level=INFO msg="queued all pods for status check" worker=2 count=1
time=2026-09-05T16:19:47.289+03:30 level=INFO msg="checked pod" worker=1 pod=nginx-1 phase="" ready="" error="Get \"https://127.0.0.1:65123/api/v1/namespaces/pod-manager/pods/nginx-1\": dial tcp 127.0.0.1:65123: connect: connection refused"
time=2026-09-05T16:21:47.288+03:30 level=INFO msg="queued all pods for status check" worker=2 count=1
time=2026-09-05T16:21:47.289+03:30 level=INFO msg="checked pod" worker=1 pod=nginx-1 phase="" ready="" error="Get \"https://127.0.0.1:65123/api/v1/namespaces/pod-manager/pods/nginx-1\": dial tcp 127.0.0.1:65123: connect: connection refused"
time=2026-09-05T16:23:47.275+03:30 level=INFO msg="queued all pods for status check" worker=2 count=1
time=2026-09-05T16:23:47.281+03:30 level=INFO msg="checked pod" worker=1 pod=nginx-1 phase="" ready="" error="Get \"https://127.0.0.1:65123/api/v1/namespaces/pod-manager/pods/nginx-1\": dial tcp 127.0.0.1:65123: connect: connection refused"
time=2026-09-05T16:25:47.276+03:30 level=INFO msg="queued all pods for status check" worker=2 count=1
time=2026-09-05T16:25:47.280+03:30 level=INFO msg="checked pod" worker=1 pod=nginx-1 phase="" ready="" error="Get \"https://127.0.0.1:65123/api/v1/namespaces/pod-manager/pods/nginx-1\": dial tcp 127.0.0.1:65123: connect: connection refused"
time=2026-09-05T16:27:47.276+03:30 level=INFO msg="queued all pods for status check" worker=2 count=1
time=2026-09-05T16:27:47.278+03:30 level=INFO msg="checked pod" worker=1 pod=nginx-1 phase="" ready="" error="Get \"https://127.0.0.1:65123/api/v1/namespaces/pod-manager/pods/nginx-1\": dial tcp 127.0.0.1:65123: connect: connection refused"
time=2026-09-05T16:29:47.277+03:30 level=INFO msg="queued all pods for status check" worker=2 count=1
time=2026-09-05T16:29:47.281+03:30 level=INFO msg="checked pod" worker=1 pod=nginx-1 phase="" ready="" error="Get \"https://127.0.0.1:65123/api/v1/namespaces/pod-manager/pods/nginx-1\": dial tcp 127.0.0.1:65123: connect: connection refused"
time=2026-09-05T16:31:47.278+03:30 level=INFO msg="queued all pods for status check" worker=2 count=1
time=2026-09-05T16:31:47.279+03:30 level=INFO msg="checked pod" worker=1 pod=nginx-1 phase="" ready="" error="Get \"https://127.0.0.1:65123/api/v1/namespaces/pod-manager/pods/nginx-1\": dial tcp 127.0.0.1:65123: connect: connection refused"
time=2026-09-05T16:33:47.279+03:30 level=INFO msg="queued all pods for status check" worker=2 count=1
time=2026-09-05T16:33:47.283+03:30 level=INFO msg="checked pod" worker=1 pod=nginx-1 phase="" ready="" error="Get \"https://127.0.0.1:65123/api/v1/namespaces/pod-manager/pods/nginx-1\": dial tcp 127.0.0.1:65123: connect: connection refused"
time=2026-09-05T16:35:47.279+03:30 level=INFO msg="queued all pods for status check" worker=2 count=1
time=2026-09-05T16:35:47.283+03:30 level=INFO msg="checked pod" worker=1 pod=nginx-1 phase="" ready="" error="Get \"https://127.0.0.1:65123/api/v1/namespaces/pod-manager/pods/nginx-1\": dial tcp 127.0.0.1:65123: connect: connection refused"
time=2026-09-05T16:37:47.281+03:30 level=INFO msg="queued all pods for status check" worker=2 count=1
time=2026-09-05T16:37:47.283+03:30 level=INFO msg="checked pod" worker=1 pod=nginx-1 phase="" ready="" error="Get \"https://127.0.0.1:65123/api/v1/namespaces/pod-manager/pods/nginx-1\": dial tcp 127.0.0.1:65123: connect: connection refused"
time=2026-09-05T16:39:47.092+03:30 level=INFO msg="queued all pods for status check" worker=2 count=1
time=2026-09-05T16:39:47.092+03:30 level=INFO msg="checked pod" worker=1 pod=nginx-1 phase="" ready="" error="Get \"https://127.0.0.1:65123/api/v1/namespaces/pod-manager/pods/nginx-1\": dial tcp 127.0.0.1:65123: connect: connection refused"
time=2026-09-05T16:41:47.090+03:30 level=INFO msg="queued all pods for status check" worker=2 count=1
time=2026-09-05T16:41:47.098+03:30 level=INFO msg="checked pod" worker=1 pod=nginx-1 phase="" ready="" error="Get \"https://127.0.0.1:65123/api/v1/namespaces/pod-manager/pods/nginx-1\": dial tcp 127.0.0.1:65123: connect: connection refused"
time=2026-09-05T16:43:47.089+03:30 level=INFO msg="queued all pods for status check" worker=2 count=1
time=2026-09-05T16:43:47.091+03:30 level=INFO msg="checked pod" worker=1 pod=nginx-1 phase="" ready="" error="Get \"https://127.0.0.1:65123/api/v1/namespaces/pod-manager/pods/nginx-1\": dial tcp 127.0.0.1:65123: connect: connection refused"
time=2026-09-05T16:45:47.087+03:30 level=INFO msg="queued all pods for status check" worker=2 count=1
time=2026-09-05T16:45:47.096+03:30 level=INFO msg="checked pod" worker=1 pod=nginx-1 phase="" ready="" error="Get \"https://127.0.0.1:65123/api/v1/namespaces/pod-manager/pods/nginx-1\": dial tcp 127.0.0.1:65123: connect: connection refused"
time=2026-09-05T16:47:47.085+03:30 level=INFO msg="queued all pods for status check" worker=2 count=1
time=2026-09-05T16:47:47.089+03:30 level=INFO msg="checked pod" worker=1 pod=nginx-1 phase="" ready="" error="Get \"https://127.0.0.1:65123/api/v1/namespaces/pod-manager/pods/nginx-1\": dial tcp 127.0.0.1:65123: connect: connection refused"
time=2026-09-05T16:49:47.083+03:30 level=INFO msg="queued all pods for status check" worker=2 count=1
time=2026-09-05T16:49:47.085+03:30 level=INFO msg="checked pod" worker=1 pod=nginx-1 phase="" ready="" error="Get \"https://127.0.0.1:65123/api/v1/namespaces/pod-manager/pods/nginx-1\": dial tcp 127.0.0.1:65123: connect: connection refused"
time=2026-09-05T16:51:47.081+03:30 level=INFO msg="queued all pods for status check" worker=2 count=1
time=2026-09-05T16:51:47.082+03:30 level=INFO msg="checked pod" worker=1 pod=nginx-1 phase="" ready="" error="Get \"https://127.0.0.1:65123/api/v1/namespaces/pod-manager/pods/nginx-1\": dial tcp 127.0.0.1:65123: connect: connection refused"
time=2026-09-05T16:53:47.079+03:30 level=INFO msg="queued all pods for status check" worker=2 count=1
time=2026-09-05T16:53:47.082+03:30 level=INFO msg="checked pod" worker=1 pod=nginx-1 phase="" ready="" error="Get \"https://127.0.0.1:65123/api/v1/namespaces/pod-manager/pods/nginx-1\": dial tcp 127.0.0.1:65123: connect: connection refused"
time=2026-09-05T16:55:46.970+03:30 level=INFO msg="queued all pods for status check" worker=2 count=1
time=2026-09-05T16:55:46.971+03:30 level=INFO msg="checked pod" worker=1 pod=nginx-1 phase="" ready="" error="Get \"https://127.0.0.1:65123/api/v1/namespaces/pod-manager/pods/nginx-1\": dial tcp 127.0.0.1:65123: connect: connection refused"
time=2026-09-05T16:57:46.967+03:30 level=INFO msg="queued all pods for status check" worker=2 count=1
time=2026-09-05T16:57:46.968+03:30 level=INFO msg="checked pod" worker=1 pod=nginx-1 phase="" ready="" error="Get \"https://127.0.0.1:65123/api/v1/namespaces/pod-manager/pods/nginx-1\": dial tcp 127.0.0.1:65123: connect: connection refused"
time=2026-09-05T16:59:46.963+03:30 level=INFO msg="queued all pods for status check" worker=2 count=1
time=2026-09-05T16:59:46.965+03:30 level=INFO msg="checked pod" worker=1 pod=nginx-1 phase="" ready="" error="Get \"https://127.0.0.1:65123/api/v1/namespaces/pod-manager/pods/nginx-1\": dial tcp 127.0.0.1:65123: connect: connection refused"
time=2026-09-05T17:01:46.960+03:30 level=INFO msg="queued all pods for status check" worker=2 count=1
time=2026-09-05T17:01:46.963+03:30 level=INFO msg="checked pod" worker=1 pod=nginx-1 phase="" ready="" error="Get \"https://127.0.0.1:65123/api/v1/namespaces/pod-manager/pods/nginx-1\": dial tcp 127.0.0.1:65123: connect: connection refused"
time=2026-09-05T17:03:46.956+03:30 level=INFO msg="queued all pods for status check" worker=2 count=1
time=2026-09-05T17:03:46.957+03:30 level=INFO msg="checked pod" worker=1 pod=nginx-1 phase="" ready="" error="Get \"https://127.0.0.1:65123/api/v1/namespaces/pod-manager/pods/nginx-1\": dial tcp 127.0.0.1:65123: connect: connection refused"
time=2026-09-05T17:05:46.952+03:30 level=INFO msg="queued all pods for status check" worker=2 count=1
time=2026-09-05T17:05:46.954+03:30 level=INFO msg="checked pod" worker=1 pod=nginx-1 phase="" ready="" error="Get \"https://127.0.0.1:65123/api/v1/namespaces/pod-manager/pods/nginx-1\": dial tcp 127.0.0.1:65123: connect: connection refused"
time=2026-09-05T17:07:46.950+03:30 level=INFO msg="queued all pods for status check" worker=2 count=1
time=2026-09-05T17:07:46.951+03:30 level=INFO msg="checked pod" worker=1 pod=nginx-1 phase="" ready="" error="Get \"https://127.0.0.1:65123/api/v1/namespaces/pod-manager/pods/nginx-1\": dial tcp 127.0.0.1:65123: connect: connection refused"
time=2026-09-05T17:09:46.946+03:30 level=INFO msg="queued all pods for status check" worker=2 count=1
time=2026-09-05T17:09:46.949+03:30 level=INFO msg="checked pod" worker=1 pod=nginx-1 phase="" ready="" error="Get \"https://127.0.0.1:65123/api/v1/namespaces/pod-manager/pods/nginx-1\": dial tcp 127.0.0.1:65123: connect: connection refused"
time=2026-09-05T17:11:46.952+03:30 level=INFO msg="queued all pods for status check" worker=2 count=1
time=2026-09-05T17:11:46.954+03:30 level=INFO msg="checked pod" worker=1 pod=nginx-1 phase="" ready="" error="Get \"https://127.0.0.1:65123/api/v1/namespaces/pod-manager/pods/nginx-1\": dial tcp 127.0.0.1:65123: connect: connection refused"
time=2026-09-05T17:13:46.949+03:30 level=INFO msg="queued all pods for status check" worker=2 count=1
time=2026-09-05T17:13:46.950+03:30 level=INFO msg="checked pod" worker=1 pod=nginx-1 phase="" ready="" error="Get \"https://127.0.0.1:65123/api/v1/namespaces/pod-manager/pods/nginx-1\": dial tcp 127.0.0.1:65123: connect: connection refused"
time=2026-09-05T17:15:46.946+03:30 level=INFO msg="queued all pods for status check" worker=2 count=1
time=2026-09-05T17:15:46.950+03:30 level=INFO msg="checked pod" worker=1 pod=nginx-1 phase="" ready="" error="Get \"https://127.0.0.1:65123/api/v1/namespaces/pod-manager/pods/nginx-1\": dial tcp 127.0.0.1:65123: connect: connection refused"
time=2026-09-05T17:17:46.942+03:30 level=INFO msg="queued all pods for status check" worker=2 count=1
time=2026-09-05T17:17:46.944+03:30 level=INFO msg="checked pod" worker=1 pod=nginx-1 phase="" ready="" error="Get \"https://127.0.0.1:65123/api/v1/namespaces/pod-manager/pods/nginx-1\": dial tcp 127.0.0.1:65123: connect: connection refused"
time=2026-09-05T17:19:46.938+03:30 level=INFO msg="queued all pods for status check" worker=2 count=1
time=2026-09-05T17:19:46.939+03:30 level=INFO msg="checked pod" worker=1 pod=nginx-1 phase="" ready="" error="Get \"https://127.0.0.1:65123/api/v1/namespaces/pod-manager/pods/nginx-1\": dial tcp 127.0.0.1:65123: connect: connection refused"
time=2026-09-05T17:21:46.935+03:30 level=INFO msg="queued all pods for status check" worker=2 count=1
time=2026-09-05T17:21:46.936+03:30 level=INFO msg="checked pod" worker=1 pod=nginx-1 phase="" ready="" error="Get \"https://127.0.0.1:65123/api/v1/namespaces/pod-manager/pods/nginx-1\": dial tcp 127.0.0.1:65123: connect: connection refused"
time=2026-09-05T17:23:46.932+03:30 level=INFO msg="queued all pods for status check" worker=2 count=1
time=2026-09-05T17:23:46.935+03:30 level=INFO msg="checked pod" worker=1 pod=nginx-1 phase="" ready="" error="Get \"https://127.0.0.1:65123/api/v1/namespaces/pod-manager/pods/nginx-1\": dial tcp 127.0.0.1:65123: connect: connection refused"
time=2026-09-05T17:25:46.929+03:30 level=INFO msg="queued all pods for status check" worker=2 count=1
time=2026-09-05T17:25:46.931+03:30 level=INFO msg="checked pod" worker=1 pod=nginx-1 phase="" ready="" error="Get \"https://127.0.0.1:65123/api/v1/namespaces/pod-manager/pods/nginx-1\": dial tcp 127.0.0.1:65123: connect: connection refused"
time=2026-09-05T17:27:46.990+03:30 level=INFO msg="queued all pods for status check" worker=2 count=1
time=2026-09-05T17:27:46.991+03:30 level=INFO msg="checked pod" worker=1 pod=nginx-1 phase="" ready="" error="Get \"https://127.0.0.1:65123/api/v1/namespaces/pod-manager/pods/nginx-1\": dial tcp 127.0.0.1:65123: connect: connection refused"
time=2026-09-05T17:29:46.988+03:30 level=INFO msg="queued all pods for status check" worker=2 count=1
time=2026-09-05T17:29:46.989+03:30 level=INFO msg="checked pod" worker=1 pod=nginx-1 phase="" ready="" error="Get \"https://127.0.0.1:65123/api/v1/namespaces/pod-manager/pods/nginx-1\": dial tcp 127.0.0.1:65123: connect: connection refused"
time=2026-09-05T17:31:46.986+03:30 level=INFO msg="queued all pods for status check" worker=2 count=1
time=2026-09-05T17:31:46.987+03:30 level=INFO msg="checked pod" worker=1 pod=nginx-1 phase="" ready="" error="Get \"https://127.0.0.1:65123/api/v1/namespaces/pod-manager/pods/nginx-1\": dial tcp 127.0.0.1:65123: connect: connection refused"
time=2026-09-05T17:33:46.987+03:30 level=INFO msg="queued all pods for status check" worker=2 count=1
time=2026-09-05T17:33:46.993+03:30 level=INFO msg="checked pod" worker=1 pod=nginx-1 phase="" ready="" error="Get \"https://127.0.0.1:65123/api/v1/namespaces/pod-manager/pods/nginx-1\": dial tcp 127.0.0.1:65123: connect: connection refused"
time=2026-09-05T17:35:46.980+03:30 level=INFO msg="queued all pods for status check" worker=2 count=1
time=2026-09-05T17:35:46.982+03:30 level=INFO msg="checked pod" worker=1 pod=nginx-1 phase="" ready="" error="Get \"https://127.0.0.1:65123/api/v1/namespaces/pod-manager/pods/nginx-1\": dial tcp 127.0.0.1:65123: connect: connection refused"
time=2026-09-05T17:37:46.980+03:30 level=INFO msg="queued all pods for status check" worker=2 count=1
time=2026-09-05T17:37:46.985+03:30 level=INFO msg="checked pod" worker=1 pod=nginx-1 phase="" ready="" error="Get \"https://127.0.0.1:65123/api/v1/namespaces/pod-manager/pods/nginx-1\": dial tcp 127.0.0.1:65123: connect: connection refused"
time=2026-09-05T17:39:46.976+03:30 level=INFO msg="queued all pods for status check" worker=2 count=1
time=2026-09-05T17:39:46.979+03:30 level=INFO msg="checked pod" worker=1 pod=nginx-1 phase="" ready="" error="Get \"https://127.0.0.1:65123/api/v1/namespaces/pod-manager/pods/nginx-1\": dial tcp 127.0.0.1:65123: connect: connection refused"
time=2026-09-05T17:41:46.974+03:30 level=INFO msg="queued all pods for status check" worker=2 count=1
time=2026-09-05T17:41:46.983+03:30 level=INFO msg="checked pod" worker=1 pod=nginx-1 phase="" ready="" error="Get \"https://127.0.0.1:65123/api/v1/namespaces/pod-manager/pods/nginx-1\": dial tcp 127.0.0.1:65123: connect: connection refused"
time=2026-09-05T17:43:46.982+03:30 level=INFO msg="queued all pods for status check" worker=2 count=1
time=2026-09-05T17:43:46.985+03:30 level=INFO msg="checked pod" worker=1 pod=nginx-1 phase="" ready="" error="Get \"https://127.0.0.1:65123/api/v1/namespaces/pod-manager/pods/nginx-1\": dial tcp 127.0.0.1:65123: connect: connection refused"
time=2026-09-05T17:45:46.980+03:30 level=INFO msg="queued all pods for status check" worker=2 count=1
time=2026-09-05T17:45:46.983+03:30 level=INFO msg="checked pod" worker=1 pod=nginx-1 phase="" ready="" error="Get \"https://127.0.0.1:65123/api/v1/namespaces/pod-manager/pods/nginx-1\": dial tcp 127.0.0.1:65123: connect: connection refused"
time=2026-09-05T17:47:46.977+03:30 level=INFO msg="queued all pods for status check" worker=2 count=1
time=2026-09-05T17:47:46.981+03:30 level=INFO msg="checked pod" worker=1 pod=nginx-1 phase="" ready="" error="Get \"https://127.0.0.1:65123/api/v1/namespaces/pod-manager/pods/nginx-1\": dial tcp 127.0.0.1:65123: connect: connection refused"
time=2026-09-05T17:49:46.976+03:30 level=INFO msg="queued all pods for status check" worker=2 count=1
time=2026-09-05T17:49:46.977+03:30 level=INFO msg="checked pod" worker=1 pod=nginx-1 phase="" ready="" error="Get \"https://127.0.0.1:65123/api/v1/namespaces/pod-manager/pods/nginx-1\": dial tcp 127.0.0.1:65123: connect: connection refused"
time=2026-09-05T17:51:46.973+03:30 level=INFO msg="queued all pods for status check" worker=2 count=1
time=2026-09-05T17:51:46.974+03:30 level=INFO msg="checked pod" worker=1 pod=nginx-1 phase="" ready="" error="Get \"https://127.0.0.1:65123/api/v1/namespaces/pod-manager/pods/nginx-1\": dial tcp 127.0.0.1:65123: connect: connection refused"
time=2026-09-05T17:53:46.971+03:30 level=INFO msg="queued all pods for status check" worker=2 count=1
time=2026-09-05T17:53:46.974+03:30 level=INFO msg="checked pod" worker=1 pod=nginx-1 phase="" ready="" error="Get \"https://127.0.0.1:65123/api/v1/namespaces/pod-manager/pods/nginx-1\": dial tcp 127.0.0.1:65123: connect: connection refused"
time=2026-09-05T17:55:46.971+03:30 level=INFO msg="queued all pods for status check" worker=2 count=1
time=2026-09-05T17:55:46.974+03:30 level=INFO msg="checked pod" worker=1 pod=nginx-1 phase="" ready="" error="Get \"https://127.0.0.1:65123/api/v1/namespaces/pod-manager/pods/nginx-1\": dial tcp 127.0.0.1:65123: connect: connection refused"
time=2026-09-05T17:57:46.967+03:30 level=INFO msg="queued all pods for status check" worker=2 count=1
time=2026-09-05T17:57:46.968+03:30 level=INFO msg="checked pod" worker=1 pod=nginx-1 phase="" ready="" error="Get \"https://127.0.0.1:65123/api/v1/namespaces/pod-manager/pods/nginx-1\": dial tcp 127.0.0.1:65123: connect: connection refused"
time=2026-09-05T17:59:46.949+03:30 level=INFO msg="queued all pods for status check" worker=2 count=1
time=2026-09-05T17:59:46.952+03:30 level=INFO msg="checked pod" worker=1 pod=nginx-1 phase="" ready="" error="Get \"https://127.0.0.1:65123/api/v1/namespaces/pod-manager/pods/nginx-1\": dial tcp 127.0.0.1:65123: connect: connection refused"
time=2026-09-05T18:01:46.951+03:30 level=INFO msg="queued all pods for status check" worker=2 count=1
time=2026-09-05T18:01:46.952+03:30 level=INFO msg="checked pod" worker=1 pod=nginx-1 phase="" ready="" error="Get \"https://127.0.0.1:65123/api/v1/namespaces/pod-manager/pods/nginx-1\": dial tcp 127.0.0.1:65123: connect: connection refused"
time=2026-09-05T18:03:46.944+03:30 level=INFO msg="queued all pods for status check" worker=2 count=1
time=2026-09-05T18:03:46.947+03:30 level=INFO msg="checked pod" worker=1 pod=nginx-1 phase="" ready="" error="Get \"https://127.0.0.1:65123/api/v1/namespaces/pod-manager/pods/nginx-1\": dial tcp 127.0.0.1:65123: connect: connection refused"
time=2026-09-05T18:05:46.942+03:30 level=INFO msg="queued all pods for status check" worker=2 count=1
time=2026-09-05T18:05:46.948+03:30 level=INFO msg="checked pod" worker=1 pod=nginx-1 phase="" ready="" error="Get \"https://127.0.0.1:65123/api/v1/namespaces/pod-manager/pods/nginx-1\": dial tcp 127.0.0.1:65123: connect: connection refused"
time=2026-09-05T18:07:46.944+03:30 level=INFO msg="queued all pods for status check" worker=2 count=1
time=2026-09-05T18:07:46.951+03:30 level=INFO msg="checked pod" worker=1 pod=nginx-1 phase="" ready="" error="Get \"https://127.0.0.1:65123/api/v1/namespaces/pod-manager/pods/nginx-1\": dial tcp 127.0.0.1:65123: connect: connection refused"
time=2026-09-05T18:09:46.937+03:30 level=INFO msg="queued all pods for status check" worker=2 count=1
time=2026-09-05T18:09:46.943+03:30 level=INFO msg="checked pod" worker=1 pod=nginx-1 phase="" ready="" error="Get \"https://127.0.0.1:65123/api/v1/namespaces/pod-manager/pods/nginx-1\": dial tcp 127.0.0.1:65123: connect: connection refused"
time=2026-09-05T18:11:46.935+03:30 level=INFO msg="queued all pods for status check" worker=2 count=1
time=2026-09-05T18:11:46.937+03:30 level=INFO msg="checked pod" worker=1 pod=nginx-1 phase="" ready="" error="Get \"https://127.0.0.1:65123/api/v1/namespaces/pod-manager/pods/nginx-1\": dial tcp 127.0.0.1:65123: connect: connection refused"
time=2026-09-05T18:13:46.932+03:30 level=INFO msg="queued all pods for status check" worker=2 count=1
time=2026-09-05T18:13:46.933+03:30 level=INFO msg="checked pod" worker=1 pod=nginx-1 phase="" ready="" error="Get \"https://127.0.0.1:65123/api/v1/namespaces/pod-manager/pods/nginx-1\": dial tcp 127.0.0.1:65123: connect: connection refused"
time=2026-09-05T18:15:46.947+03:30 level=INFO msg="queued all pods for status check" worker=2 count=1
time=2026-09-05T18:15:46.948+03:30 level=INFO msg="checked pod" worker=1 pod=nginx-1 phase="" ready="" error="Get \"https://127.0.0.1:65123/api/v1/namespaces/pod-manager/pods/nginx-1\": dial tcp 127.0.0.1:65123: connect: connection refused"
time=2026-09-05T18:17:46.945+03:30 level=INFO msg="queued all pods for status check" worker=2 count=1
time=2026-09-05T18:17:46.948+03:30 level=INFO msg="checked pod" worker=1 pod=nginx-1 phase="" ready="" error="Get \"https://127.0.0.1:65123/api/v1/namespaces/pod-manager/pods/nginx-1\": dial tcp 127.0.0.1:65123: connect: connection refused"
time=2026-09-05T18:19:46.943+03:30 level=INFO msg="queued all pods for status check" worker=2 count=1
time=2026-09-05T18:19:46.944+03:30 level=INFO msg="checked pod" worker=1 pod=nginx-1 phase="" ready="" error="Get \"https://127.0.0.1:65123/api/v1/namespaces/pod-manager/pods/nginx-1\": dial tcp 127.0.0.1:65123: connect: connection refused"
time=2026-09-05T18:21:46.941+03:30 level=INFO msg="queued all pods for status check" worker=2 count=1
time=2026-09-05T18:21:46.941+03:30 level=INFO msg="checked pod" worker=1 pod=nginx-1 phase="" ready="" error="Get \"https://127.0.0.1:65123/api/v1/namespaces/pod-manager/pods/nginx-1\": dial tcp 127.0.0.1:65123: connect: connection refused"
time=2026-09-05T18:23:46.939+03:30 level=INFO msg="queued all pods for status check" worker=2 count=1
time=2026-09-05T18:23:46.942+03:30 level=INFO msg="checked pod" worker=1 pod=nginx-1 phase="" ready="" error="Get \"https://127.0.0.1:65123/api/v1/namespaces/pod-manager/pods/nginx-1\": dial tcp 127.0.0.1:65123: connect: connection refused"
time=2026-09-05T18:25:46.936+03:30 level=INFO msg="queued all pods for status check" worker=2 count=1
time=2026-09-05T18:25:46.938+03:30 level=INFO msg="checked pod" worker=1 pod=nginx-1 phase="" ready="" error="Get \"https://127.0.0.1:65123/api/v1/namespaces/pod-manager/pods/nginx-1\": dial tcp 127.0.0.1:65123: connect: connection refused"
time=2026-09-05T18:27:46.933+03:30 level=INFO msg="queued all pods for status check" worker=2 count=1
time=2026-09-05T18:27:46.934+03:30 level=INFO msg="checked pod" worker=1 pod=nginx-1 phase="" ready="" error="Get \"https://127.0.0.1:65123/api/v1/namespaces/pod-manager/pods/nginx-1\": dial tcp 127.0.0.1:65123: connect: connection refused"
time=2026-09-05T18:29:46.932+03:30 level=INFO msg="queued all pods for status check" worker=2 count=1
time=2026-09-05T18:29:46.934+03:30 level=INFO msg="checked pod" worker=1 pod=nginx-1 phase="" ready="" error="Get \"https://127.0.0.1:65123/api/v1/namespaces/pod-manager/pods/nginx-1\": dial tcp 127.0.0.1:65123: connect: connection refused"
time=2026-09-05T18:31:46.893+03:30 level=INFO msg="queued all pods for status check" worker=2 count=1
time=2026-09-05T18:31:46.893+03:30 level=INFO msg="checked pod" worker=1 pod=nginx-1 phase="" ready="" error="Get \"https://127.0.0.1:65123/api/v1/namespaces/pod-manager/pods/nginx-1\": dial tcp 127.0.0.1:65123: connect: connection refused"
time=2026-09-05T18:33:46.889+03:30 level=INFO msg="queued all pods for status check" worker=2 count=1
time=2026-09-05T18:33:46.890+03:30 level=INFO msg="checked pod" worker=1 pod=nginx-1 phase="" ready="" error="Get \"https://127.0.0.1:65123/api/v1/namespaces/pod-manager/pods/nginx-1\": dial tcp 127.0.0.1:65123: connect: connection refused"
time=2026-09-05T18:35:46.886+03:30 level=INFO msg="queued all pods for status check" worker=2 count=1
time=2026-09-05T18:35:46.888+03:30 level=INFO msg="checked pod" worker=1 pod=nginx-1 phase="" ready="" error="Get \"https://127.0.0.1:65123/api/v1/namespaces/pod-manager/pods/nginx-1\": dial tcp 127.0.0.1:65123: connect: connection refused"
time=2026-09-05T18:37:46.883+03:30 level=INFO msg="queued all pods for status check" worker=2 count=1
time=2026-09-05T18:37:46.884+03:30 level=INFO msg="checked pod" worker=1 pod=nginx-1 phase="" ready="" error="Get \"https://127.0.0.1:65123/api/v1/namespaces/pod-manager/pods/nginx-1\": dial tcp 127.0.0.1:65123: connect: connection refused"
time=2026-09-05T18:39:46.880+03:30 level=INFO msg="queued all pods for status check" worker=2 count=1
time=2026-09-05T18:39:46.883+03:30 level=INFO msg="checked pod" worker=1 pod=nginx-1 phase="" ready="" error="Get \"https://127.0.0.1:65123/api/v1/namespaces/pod-manager/pods/nginx-1\": dial tcp 127.0.0.1:65123: connect: connection refused"
time=2026-09-05T18:41:46.879+03:30 level=INFO msg="queued all pods for status check" worker=2 count=1
time=2026-09-05T18:41:46.884+03:30 level=INFO msg="checked pod" worker=1 pod=nginx-1 phase="" ready="" error="Get \"https://127.0.0.1:65123/api/v1/namespaces/pod-manager/pods/nginx-1\": dial tcp 127.0.0.1:65123: connect: connection refused"
time=2026-09-05T18:43:46.879+03:30 level=INFO msg="queued all pods for status check" worker=2 count=1
time=2026-09-05T18:43:46.884+03:30 level=INFO msg="checked pod" worker=1 pod=nginx-1 phase="" ready="" error="Get \"https://127.0.0.1:65123/api/v1/namespaces/pod-manager/pods/nginx-1\": dial tcp 127.0.0.1:65123: connect: connection refused"
time=2026-09-05T18:45:46.874+03:30 level=INFO msg="queued all pods for status check" worker=2 count=1
time=2026-09-05T18:45:46.875+03:30 level=INFO msg="checked pod" worker=1 pod=nginx-1 phase="" ready="" error="Get \"https://127.0.0.1:65123/api/v1/namespaces/pod-manager/pods/nginx-1\": dial tcp 127.0.0.1:65123: connect: connection refused"
time=2026-09-05T18:47:47.131+03:30 level=INFO msg="queued all pods for status check" worker=2 count=1
time=2026-09-05T18:47:47.133+03:30 level=INFO msg="checked pod" worker=1 pod=nginx-1 phase="" ready="" error="Get \"https://127.0.0.1:65123/api/v1/namespaces/pod-manager/pods/nginx-1\": dial tcp 127.0.0.1:65123: connect: connection refused"
time=2026-09-05T18:49:47.132+03:30 level=INFO msg="queued all pods for status check" worker=2 count=1
time=2026-09-05T18:49:47.134+03:30 level=INFO msg="checked pod" worker=1 pod=nginx-1 phase="" ready="" error="Get \"https://127.0.0.1:65123/api/v1/namespaces/pod-manager/pods/nginx-1\": dial tcp 127.0.0.1:65123: connect: connection refused"
time=2026-09-05T18:51:47.133+03:30 level=INFO msg="queued all pods for status check" worker=2 count=1
time=2026-09-05T18:51:47.135+03:30 level=INFO msg="checked pod" worker=1 pod=nginx-1 phase="" ready="" error="Get \"https://127.0.0.1:65123/api/v1/namespaces/pod-manager/pods/nginx-1\": dial tcp 127.0.0.1:65123: connect: connection refused"
time=2026-09-05T18:53:47.134+03:30 level=INFO msg="queued all pods for status check" worker=2 count=1
time=2026-09-05T18:53:47.136+03:30 level=INFO msg="checked pod" worker=1 pod=nginx-1 phase="" ready="" error="Get \"https://127.0.0.1:65123/api/v1/namespaces/pod-manager/pods/nginx-1\": dial tcp 127.0.0.1:65123: connect: connection refused"
time=2026-09-05T18:55:47.134+03:30 level=INFO msg="queued all pods for status check" worker=2 count=1
time=2026-09-05T18:55:47.135+03:30 level=INFO msg="checked pod" worker=1 pod=nginx-1 phase="" ready="" error="Get \"https://127.0.0.1:65123/api/v1/namespaces/pod-manager/pods/nginx-1\": dial tcp 127.0.0.1:65123: connect: connection refused"
time=2026-09-05T18:57:47.135+03:30 level=INFO msg="queued all pods for status check" worker=2 count=1
time=2026-09-05T18:57:47.137+03:30 level=INFO msg="checked pod" worker=1 pod=nginx-1 phase="" ready="" error="Get \"https://127.0.0.1:65123/api/v1/namespaces/pod-manager/pods/nginx-1\": dial tcp 127.0.0.1:65123: connect: connection refused"
time=2026-09-05T18:59:47.135+03:30 level=INFO msg="queued all pods for status check" worker=2 count=1
time=2026-09-05T18:59:47.138+03:30 level=INFO msg="checked pod" worker=1 pod=nginx-1 phase="" ready="" error="Get \"https://127.0.0.1:65123/api/v1/namespaces/pod-manager/pods/nginx-1\": dial tcp 127.0.0.1:65123: connect: connection refused"
time=2026-09-05T19:01:47.137+03:30 level=INFO msg="queued all pods for status check" worker=2 count=1
time=2026-09-05T19:01:47.138+03:30 level=INFO msg="checked pod" worker=1 pod=nginx-1 phase="" ready="" error="Get \"https://127.0.0.1:65123/api/v1/namespaces/pod-manager/pods/nginx-1\": dial tcp 127.0.0.1:65123: connect: connection refused"
time=2026-09-05T19:03:46.958+03:30 level=INFO msg="queued all pods for status check" worker=2 count=1
time=2026-09-05T19:03:46.960+03:30 level=INFO msg="checked pod" worker=1 pod=nginx-1 phase="" ready="" error="Get \"https://127.0.0.1:65123/api/v1/namespaces/pod-manager/pods/nginx-1\": dial tcp 127.0.0.1:65123: connect: connection refused"
time=2026-09-05T19:05:46.956+03:30 level=INFO msg="queued all pods for status check" worker=2 count=1
time=2026-09-05T19:05:46.959+03:30 level=INFO msg="checked pod" worker=1 pod=nginx-1 phase="" ready="" error="Get \"https://127.0.0.1:65123/api/v1/namespaces/pod-manager/pods/nginx-1\": dial tcp 127.0.0.1:65123: connect: connection refused"
time=2026-09-05T19:07:46.955+03:30 level=INFO msg="queued all pods for status check" worker=2 count=1
time=2026-09-05T19:07:46.957+03:30 level=INFO msg="checked pod" worker=1 pod=nginx-1 phase="" ready="" error="Get \"https://127.0.0.1:65123/api/v1/namespaces/pod-manager/pods/nginx-1\": dial tcp 127.0.0.1:65123: connect: connection refused"
time=2026-09-05T19:09:46.953+03:30 level=INFO msg="queued all pods for status check" worker=2 count=1
time=2026-09-05T19:09:46.954+03:30 level=INFO msg="checked pod" worker=1 pod=nginx-1 phase="" ready="" error="Get \"https://127.0.0.1:65123/api/v1/namespaces/pod-manager/pods/nginx-1\": dial tcp 127.0.0.1:65123: connect: connection refused"
time=2026-09-05T19:11:46.951+03:30 level=INFO msg="queued all pods for status check" worker=2 count=1
time=2026-09-05T19:11:46.954+03:30 level=INFO msg="checked pod" worker=1 pod=nginx-1 phase="" ready="" error="Get \"https://127.0.0.1:65123/api/v1/namespaces/pod-manager/pods/nginx-1\": dial tcp 127.0.0.1:65123: connect: connection refused"
time=2026-09-05T19:13:46.951+03:30 level=INFO msg="queued all pods for status check" worker=2 count=1
time=2026-09-05T19:13:46.954+03:30 level=INFO msg="checked pod" worker=1 pod=nginx-1 phase="" ready="" error="Get \"https://127.0.0.1:65123/api/v1/namespaces/pod-manager/pods/nginx-1\": dial tcp 127.0.0.1:65123: connect: connection refused"
time=2026-09-05T19:15:46.949+03:30 level=INFO msg="queued all pods for status check" worker=2 count=1
time=2026-09-05T19:15:46.950+03:30 level=INFO msg="checked pod" worker=1 pod=nginx-1 phase="" ready="" error="Get \"https://127.0.0.1:65123/api/v1/namespaces/pod-manager/pods/nginx-1\": dial tcp 127.0.0.1:65123: connect: connection refused"
time=2026-09-05T19:17:46.947+03:30 level=INFO msg="queued all pods for status check" worker=2 count=1
time=2026-09-05T19:17:46.950+03:30 level=INFO msg="checked pod" worker=1 pod=nginx-1 phase="" ready="" error="Get \"https://127.0.0.1:65123/api/v1/namespaces/pod-manager/pods/nginx-1\": dial tcp 127.0.0.1:65123: connect: connection refused"
time=2026-09-05T19:19:46.958+03:30 level=INFO msg="queued all pods for status check" worker=2 count=1
time=2026-09-05T19:19:46.959+03:30 level=INFO msg="checked pod" worker=1 pod=nginx-1 phase="" ready="" error="Get \"https://127.0.0.1:65123/api/v1/namespaces/pod-manager/pods/nginx-1\": dial tcp 127.0.0.1:65123: connect: connection refused"
time=2026-09-05T19:21:46.956+03:30 level=INFO msg="queued all pods for status check" worker=2 count=1
time=2026-09-05T19:21:46.957+03:30 level=INFO msg="checked pod" worker=1 pod=nginx-1 phase="" ready="" error="Get \"https://127.0.0.1:65123/api/v1/namespaces/pod-manager/pods/nginx-1\": dial tcp 127.0.0.1:65123: connect: connection refused"
time=2026-09-05T19:23:46.955+03:30 level=INFO msg="queued all pods for status check" worker=2 count=1
time=2026-09-05T19:23:46.956+03:30 level=INFO msg="checked pod" worker=1 pod=nginx-1 phase="" ready="" error="Get \"https://127.0.0.1:65123/api/v1/namespaces/pod-manager/pods/nginx-1\": dial tcp 127.0.0.1:65123: connect: connection refused"
time=2026-09-05T19:25:46.953+03:30 level=INFO msg="queued all pods for status check" worker=2 count=1
time=2026-09-05T19:25:46.954+03:30 level=INFO msg="checked pod" worker=1 pod=nginx-1 phase="" ready="" error="Get \"https://127.0.0.1:65123/api/v1/namespaces/pod-manager/pods/nginx-1\": dial tcp 127.0.0.1:65123: connect: connection refused"
time=2026-09-05T19:30:49.034+03:30 level=INFO msg="queued all pods for status check" worker=2 count=1
time=2026-09-05T19:30:49.036+03:30 level=INFO msg="checked pod" worker=1 pod=nginx-1 phase="" ready="" error="Get \"https://127.0.0.1:65123/api/v1/namespaces/pod-manager/pods/nginx-1\": dial tcp 127.0.0.1:65123: connect: connection refused"
time=2026-09-05T19:56:12.349+03:30 level=INFO msg="queued all pods for status check" worker=2 count=1
time=2026-09-05T19:56:12.351+03:30 level=INFO msg="checked pod" worker=1 pod=nginx-1 phase="" ready="" error="Get \"https://127.0.0.1:65123/api/v1/namespaces/pod-manager/pods/nginx-1\": dial tcp 127.0.0.1:65123: connect: connection refused"
time=2026-09-05T20:13:43.839+03:30 level=INFO msg="queued all pods for status check" worker=2 count=1
time=2026-09-05T20:13:43.839+03:30 level=INFO msg="checked pod" worker=1 pod=nginx-1 phase="" ready="" error="Get \"https://127.0.0.1:65123/api/v1/namespaces/pod-manager/pods/nginx-1\": dial tcp 127.0.0.1:65123: connect: connection refused"
time=2026-09-05T21:02:10.506+03:30 level=INFO msg="queued all pods for status check" worker=2 count=1
time=2026-09-05T21:02:10.507+03:30 level=INFO msg="checked pod" worker=1 pod=nginx-1 phase="" ready="" error="Get \"https://127.0.0.1:65123/api/v1/namespaces/pod-manager/pods/nginx-1\": dial tcp 127.0.0.1:65123: connect: connection refused"
time=2026-09-05T21:19:54.735+03:30 level=INFO msg="queued all pods for status check" worker=2 count=1
time=2026-09-05T21:19:54.738+03:30 level=INFO msg="checked pod" worker=1 pod=nginx-1 phase="" ready="" error="Get \"https://127.0.0.1:65123/api/v1/namespaces/pod-manager/pods/nginx-1\": dial tcp 127.0.0.1:65123: connect: connection refused"
time=2026-09-05T21:55:15.104+03:30 level=INFO msg="queued all pods for status check" worker=2 count=1
time=2026-09-05T21:55:15.104+03:30 level=INFO msg="checked pod" worker=1 pod=nginx-1 phase="" ready="" error="Get \"https://127.0.0.1:65123/api/v1/namespaces/pod-manager/pods/nginx-1\": dial tcp 127.0.0.1:65123: connect: connection refused"
time=2026-09-05T21:57:44.127+03:30 level=INFO msg="queued all pods for status check" worker=2 count=1
time=2026-09-05T21:57:44.128+03:30 level=INFO msg="checked pod" worker=1 pod=nginx-1 phase="" ready="" error="Get \"https://127.0.0.1:65123/api/v1/namespaces/pod-manager/pods/nginx-1\": dial tcp 127.0.0.1:65123: connect: connection refused"
time=2026-09-05T22:05:32.457+03:30 level=INFO msg="queued all pods for status check" worker=2 count=1
time=2026-09-05T22:05:32.460+03:30 level=INFO msg="checked pod" worker=1 pod=nginx-1 phase="" ready="" error="Get \"https://127.0.0.1:65123/api/v1/namespaces/pod-manager/pods/nginx-1\": dial tcp 127.0.0.1:65123: connect: connection refused"
time=2026-09-05T22:07:32.456+03:30 level=INFO msg="queued all pods for status check" worker=2 count=1
time=2026-09-05T22:07:32.457+03:30 level=INFO msg="checked pod" worker=1 pod=nginx-1 phase="" ready="" error="Get \"https://127.0.0.1:65123/api/v1/namespaces/pod-manager/pods/nginx-1\": dial tcp 127.0.0.1:65123: connect: connection refused"
time=2026-09-05T22:09:32.456+03:30 level=INFO msg="queued all pods for status check" worker=2 count=1
time=2026-09-05T22:09:32.462+03:30 level=INFO msg="checked pod" worker=1 pod=nginx-1 phase="" ready="" error="Get \"https://127.0.0.1:65123/api/v1/namespaces/pod-manager/pods/nginx-1\": dial tcp 127.0.0.1:65123: connect: connection refused"
time=2026-09-05T22:11:32.455+03:30 level=INFO msg="queued all pods for status check" worker=2 count=1
time=2026-09-05T22:11:32.457+03:30 level=INFO msg="checked pod" worker=1 pod=nginx-1 phase="" ready="" error="Get \"https://127.0.0.1:65123/api/v1/namespaces/pod-manager/pods/nginx-1\": dial tcp 127.0.0.1:65123: connect: connection refused"
time=2026-09-05T22:13:32.456+03:30 level=INFO msg="queued all pods for status check" worker=2 count=1
time=2026-09-05T22:13:32.457+03:30 level=INFO msg="checked pod" worker=1 pod=nginx-1 phase="" ready="" error="Get \"https://127.0.0.1:65123/api/v1/namespaces/pod-manager/pods/nginx-1\": dial tcp 127.0.0.1:65123: connect: connection refused"
time=2026-09-05T22:15:32.455+03:30 level=INFO msg="queued all pods for status check" worker=2 count=1
time=2026-09-05T22:15:32.456+03:30 level=INFO msg="checked pod" worker=1 pod=nginx-1 phase="" ready="" error="Get \"https://127.0.0.1:65123/api/v1/namespaces/pod-manager/pods/nginx-1\": dial tcp 127.0.0.1:65123: connect: connection refused"
time=2026-09-05T22:17:32.455+03:30 level=INFO msg="queued all pods for status check" worker=2 count=1
time=2026-09-05T22:17:32.457+03:30 level=INFO msg="checked pod" worker=1 pod=nginx-1 phase="" ready="" error="Get \"https://127.0.0.1:65123/api/v1/namespaces/pod-manager/pods/nginx-1\": dial tcp 127.0.0.1:65123: connect: connection refused"
time=2026-09-05T22:19:32.454+03:30 level=INFO msg="queued all pods for status check" worker=2 count=1
time=2026-09-05T22:19:32.455+03:30 level=INFO msg="checked pod" worker=1 pod=nginx-1 phase="" ready="" error="Get \"https://127.0.0.1:65123/api/v1/namespaces/pod-manager/pods/nginx-1\": dial tcp 127.0.0.1:65123: connect: connection refused"
time=2026-09-05T22:21:32.477+03:30 level=INFO msg="queued all pods for status check" worker=2 count=1
time=2026-09-05T22:21:32.479+03:30 level=INFO msg="checked pod" worker=1 pod=nginx-1 phase="" ready="" error="Get \"https://127.0.0.1:65123/api/v1/namespaces/pod-manager/pods/nginx-1\": dial tcp 127.0.0.1:65123: connect: connection refused"
time=2026-09-05T22:23:32.477+03:30 level=INFO msg="queued all pods for status check" worker=2 count=1
time=2026-09-05T22:23:32.479+03:30 level=INFO msg="checked pod" worker=1 pod=nginx-1 phase="" ready="" error="Get \"https://127.0.0.1:65123/api/v1/namespaces/pod-manager/pods/nginx-1\": dial tcp 127.0.0.1:65123: connect: connection refused"
time=2026-09-05T22:25:32.477+03:30 level=INFO msg="queued all pods for status check" worker=2 count=1
time=2026-09-05T22:25:32.478+03:30 level=INFO msg="checked pod" worker=1 pod=nginx-1 phase="" ready="" error="Get \"https://127.0.0.1:65123/api/v1/namespaces/pod-manager/pods/nginx-1\": dial tcp 127.0.0.1:65123: connect: connection refused"
time=2026-09-05T22:27:32.477+03:30 level=INFO msg="queued all pods for status check" worker=2 count=1
time=2026-09-05T22:27:32.478+03:30 level=INFO msg="checked pod" worker=1 pod=nginx-1 phase="" ready="" error="Get \"https://127.0.0.1:65123/api/v1/namespaces/pod-manager/pods/nginx-1\": dial tcp 127.0.0.1:65123: connect: connection refused"
time=2026-09-05T22:29:32.477+03:30 level=INFO msg="queued all pods for status check" worker=2 count=1
time=2026-09-05T22:29:32.479+03:30 level=INFO msg="checked pod" worker=1 pod=nginx-1 phase="" ready="" error="Get \"https://127.0.0.1:65123/api/v1/namespaces/pod-manager/pods/nginx-1\": dial tcp 127.0.0.1:65123: connect: connection refused"
time=2026-09-05T22:31:32.477+03:30 level=INFO msg="queued all pods for status check" worker=2 count=1
time=2026-09-05T22:31:32.478+03:30 level=INFO msg="checked pod" worker=1 pod=nginx-1 phase="" ready="" error="Get \"https://127.0.0.1:65123/api/v1/namespaces/pod-manager/pods/nginx-1\": dial tcp 127.0.0.1:65123: connect: connection refused"
time=2026-09-05T22:33:32.476+03:30 level=INFO msg="queued all pods for status check" worker=2 count=1
time=2026-09-05T22:33:32.477+03:30 level=INFO msg="checked pod" worker=1 pod=nginx-1 phase="" ready="" error="Get \"https://127.0.0.1:65123/api/v1/namespaces/pod-manager/pods/nginx-1\": dial tcp 127.0.0.1:65123: connect: connection refused"
time=2026-09-05T22:35:32.477+03:30 level=INFO msg="queued all pods for status check" worker=2 count=1
time=2026-09-05T22:35:32.480+03:30 level=INFO msg="checked pod" worker=1 pod=nginx-1 phase="" ready="" error="Get \"https://127.0.0.1:65123/api/v1/namespaces/pod-manager/pods/nginx-1\": dial tcp 127.0.0.1:65123: connect: connection refused"
time=2026-09-05T22:37:32.498+03:30 level=INFO msg="queued all pods for status check" worker=2 count=1
time=2026-09-05T22:37:32.499+03:30 level=INFO msg="checked pod" worker=1 pod=nginx-1 phase="" ready="" error="Get \"https://127.0.0.1:65123/api/v1/namespaces/pod-manager/pods/nginx-1\": dial tcp 127.0.0.1:65123: connect: connection refused"
time=2026-09-05T22:54:59.075+03:30 level=INFO msg="queued all pods for status check" worker=2 count=1
time=2026-09-05T22:54:59.076+03:30 level=INFO msg="checked pod" worker=1 pod=nginx-1 phase="" ready="" error="Get \"https://127.0.0.1:65123/api/v1/namespaces/pod-manager/pods/nginx-1\": dial tcp 127.0.0.1:65123: connect: connection refused"
time=2026-09-05T22:56:59.076+03:30 level=INFO msg="queued all pods for status check" worker=2 count=1
time=2026-09-05T22:56:59.079+03:30 level=INFO msg="checked pod" worker=1 pod=nginx-1 phase="" ready="" error="Get \"https://127.0.0.1:65123/api/v1/namespaces/pod-manager/pods/nginx-1\": dial tcp 127.0.0.1:65123: connect: connection refused"
time=2026-09-05T22:58:59.077+03:30 level=INFO msg="queued all pods for status check" worker=2 count=1
time=2026-09-05T22:58:59.080+03:30 level=INFO msg="checked pod" worker=1 pod=nginx-1 phase="" ready="" error="Get \"https://127.0.0.1:65123/api/v1/namespaces/pod-manager/pods/nginx-1\": dial tcp 127.0.0.1:65123: connect: connection refused"
time=2026-09-05T23:03:24.017+03:30 level=INFO msg="queued all pods for status check" worker=2 count=1
time=2026-09-05T23:03:24.036+03:30 level=INFO msg="checked pod" worker=1 pod=nginx-1 phase="" ready="" error="Get \"https://127.0.0.1:65123/api/v1/namespaces/pod-manager/pods/nginx-1\": dial tcp 127.0.0.1:65123: connect: connection refused"
time=2026-09-05T23:05:24.014+03:30 level=INFO msg="queued all pods for status check" worker=2 count=1
time=2026-09-05T23:05:24.016+03:30 level=INFO msg="checked pod" worker=1 pod=nginx-1 phase="" ready="" error="Get \"https://127.0.0.1:65123/api/v1/namespaces/pod-manager/pods/nginx-1\": dial tcp 127.0.0.1:65123: connect: connection refused"
time=2026-09-05T23:07:24.016+03:30 level=INFO msg="queued all pods for status check" worker=2 count=1
time=2026-09-05T23:07:24.017+03:30 level=INFO msg="checked pod" worker=1 pod=nginx-1 phase="" ready="" error="Get \"https://127.0.0.1:65123/api/v1/namespaces/pod-manager/pods/nginx-1\": dial tcp 127.0.0.1:65123: connect: connection refused"
time=2026-09-05T23:09:24.017+03:30 level=INFO msg="queued all pods for status check" worker=2 count=1
time=2026-09-05T23:09:24.018+03:30 level=INFO msg="checked pod" worker=1 pod=nginx-1 phase="" ready="" error="Get \"https://127.0.0.1:65123/api/v1/namespaces/pod-manager/pods/nginx-1\": dial tcp 127.0.0.1:65123: connect: connection refused"
time=2026-09-05T23:11:24.044+03:30 level=INFO msg="queued all pods for status check" worker=2 count=1
time=2026-09-05T23:11:24.046+03:30 level=INFO msg="checked pod" worker=1 pod=nginx-1 phase="" ready="" error="Get \"https://127.0.0.1:65123/api/v1/namespaces/pod-manager/pods/nginx-1\": dial tcp 127.0.0.1:65123: connect: connection refused"
time=2026-09-05T23:13:24.046+03:30 level=INFO msg="queued all pods for status check" worker=2 count=1
time=2026-09-05T23:13:24.047+03:30 level=INFO msg="checked pod" worker=1 pod=nginx-1 phase="" ready="" error="Get \"https://127.0.0.1:65123/api/v1/namespaces/pod-manager/pods/nginx-1\": dial tcp 127.0.0.1:65123: connect: connection refused"
time=2026-09-05T23:15:24.047+03:30 level=INFO msg="queued all pods for status check" worker=2 count=1
time=2026-09-05T23:15:24.048+03:30 level=INFO msg="checked pod" worker=1 pod=nginx-1 phase="" ready="" error="Get \"https://127.0.0.1:65123/api/v1/namespaces/pod-manager/pods/nginx-1\": dial tcp 127.0.0.1:65123: connect: connection refused"
time=2026-09-05T23:47:20.744+03:30 level=INFO msg="queued all pods for status check" worker=2 count=1
time=2026-09-05T23:47:20.747+03:30 level=INFO msg="checked pod" worker=1 pod=nginx-1 phase="" ready="" error="Get \"https://127.0.0.1:65123/api/v1/namespaces/pod-manager/pods/nginx-1\": dial tcp 127.0.0.1:65123: connect: connection refused"
time=2026-09-06T00:24:03.599+03:30 level=INFO msg="queued all pods for status check" worker=2 count=1
time=2026-09-06T00:24:03.600+03:30 level=INFO msg="checked pod" worker=1 pod=nginx-1 phase="" ready="" error="Get \"https://127.0.0.1:65123/api/v1/namespaces/pod-manager/pods/nginx-1\": dial tcp 127.0.0.1:65123: connect: connection refused"
time=2026-09-06T00:51:56.808+03:30 level=INFO msg="queued all pods for status check" worker=2 count=1
time=2026-09-06T00:51:56.809+03:30 level=INFO msg="checked pod" worker=1 pod=nginx-1 phase="" ready="" error="Get \"https://127.0.0.1:65123/api/v1/namespaces/pod-manager/pods/nginx-1\": dial tcp 127.0.0.1:65123: connect: connection refused"
time=2026-09-06T01:36:58.989+03:30 level=INFO msg="queued all pods for status check" worker=2 count=1
time=2026-09-06T01:36:58.992+03:30 level=INFO msg="checked pod" worker=1 pod=nginx-1 phase="" ready="" error="Get \"https://127.0.0.1:65123/api/v1/namespaces/pod-manager/pods/nginx-1\": dial tcp 127.0.0.1:65123: connect: connection refused"
time=2026-09-06T02:10:04.565+03:30 level=INFO msg="queued all pods for status check" worker=2 count=1
time=2026-09-06T02:10:04.566+03:30 level=INFO msg="checked pod" worker=1 pod=nginx-1 phase="" ready="" error="Get \"https://127.0.0.1:65123/api/v1/namespaces/pod-manager/pods/nginx-1\": dial tcp 127.0.0.1:65123: connect: connection refused"
time=2026-09-06T02:36:44.864+03:30 level=INFO msg="queued all pods for status check" worker=2 count=1
time=2026-09-06T02:36:44.865+03:30 level=INFO msg="checked pod" worker=1 pod=nginx-1 phase="" ready="" error="Get \"https://127.0.0.1:65123/api/v1/namespaces/pod-manager/pods/nginx-1\": dial tcp 127.0.0.1:65123: connect: connection refused"
time=2026-09-06T03:41:16.636+03:30 level=INFO msg="queued all pods for status check" worker=2 count=1
time=2026-09-06T03:41:16.638+03:30 level=INFO msg="checked pod" worker=1 pod=nginx-1 phase="" ready="" error="Get \"https://127.0.0.1:65123/api/v1/namespaces/pod-manager/pods/nginx-1\": dial tcp 127.0.0.1:65123: connect: connection refused"
time=2026-09-06T04:14:07.692+03:30 level=INFO msg="queued all pods for status check" worker=2 count=1
time=2026-09-06T04:14:07.693+03:30 level=INFO msg="checked pod" worker=1 pod=nginx-1 phase="" ready="" error="Get \"https://127.0.0.1:65123/api/v1/namespaces/pod-manager/pods/nginx-1\": dial tcp 127.0.0.1:65123: connect: connection refused"
time=2026-09-06T04:46:58.460+03:30 level=INFO msg="queued all pods for status check" worker=2 count=1
time=2026-09-06T04:46:58.463+03:30 level=INFO msg="checked pod" worker=1 pod=nginx-1 phase="" ready="" error="Get \"https://127.0.0.1:65123/api/v1/namespaces/pod-manager/pods/nginx-1\": dial tcp 127.0.0.1:65123: connect: connection refused"
time=2026-09-06T05:28:00.695+03:30 level=INFO msg="queued all pods for status check" worker=2 count=1
time=2026-09-06T05:28:00.697+03:30 level=INFO msg="checked pod" worker=1 pod=nginx-1 phase="" ready="" error="Get \"https://127.0.0.1:65123/api/v1/namespaces/pod-manager/pods/nginx-1\": dial tcp 127.0.0.1:65123: connect: connection refused"
time=2026-09-06T06:01:18.133+03:30 level=INFO msg="queued all pods for status check" worker=2 count=1
time=2026-09-06T06:01:18.134+03:30 level=INFO msg="checked pod" worker=1 pod=nginx-1 phase="" ready="" error="Get \"https://127.0.0.1:65123/api/v1/namespaces/pod-manager/pods/nginx-1\": dial tcp 127.0.0.1:65123: connect: connection refused"
time=2026-09-06T06:50:11.385+03:30 level=INFO msg="queued all pods for status check" worker=2 count=1
time=2026-09-06T06:50:11.386+03:30 level=INFO msg="checked pod" worker=1 pod=nginx-1 phase="" ready="" error="Get \"https://127.0.0.1:65123/api/v1/namespaces/pod-manager/pods/nginx-1\": dial tcp 127.0.0.1:65123: connect: connection refused"
time=2026-09-06T07:16:46.090+03:30 level=INFO msg="queued all pods for status check" worker=2 count=1
time=2026-09-06T07:16:46.093+03:30 level=INFO msg="checked pod" worker=1 pod=nginx-1 phase="" ready="" error="Get \"https://127.0.0.1:65123/api/v1/namespaces/pod-manager/pods/nginx-1\": dial tcp 127.0.0.1:65123: connect: connection refused"
time=2026-09-06T07:31:39.902+03:30 level=INFO msg="queued all pods for status check" worker=2 count=1
time=2026-09-06T07:31:39.903+03:30 level=INFO msg="checked pod" worker=1 pod=nginx-1 phase="" ready="" error="Get \"https://127.0.0.1:65123/api/v1/namespaces/pod-manager/pods/nginx-1\": dial tcp 127.0.0.1:65123: connect: connection refused"
time=2026-09-06T07:43:06.282+03:30 level=INFO msg="queued all pods for status check" worker=2 count=1
time=2026-09-06T07:43:06.284+03:30 level=INFO msg="checked pod" worker=1 pod=nginx-1 phase="" ready="" error="Get \"https://127.0.0.1:65123/api/v1/namespaces/pod-manager/pods/nginx-1\": dial tcp 127.0.0.1:65123: connect: connection refused"
time=2026-09-06T07:46:07.317+03:30 level=INFO msg="queued all pods for status check" worker=2 count=1
time=2026-09-06T07:46:07.319+03:30 level=INFO msg="checked pod" worker=1 pod=nginx-1 phase="" ready="" error="Get \"https://127.0.0.1:65123/api/v1/namespaces/pod-manager/pods/nginx-1\": dial tcp 127.0.0.1:65123: connect: connection refused"
time=2026-09-06T07:52:31.052+03:30 level=INFO msg="queued all pods for status check" worker=2 count=1
time=2026-09-06T07:52:31.052+03:30 level=INFO msg="checked pod" worker=1 pod=nginx-1 phase="" ready="" error="Get \"https://127.0.0.1:65123/api/v1/namespaces/pod-manager/pods/nginx-1\": dial tcp 127.0.0.1:65123: connect: connection refused"
time=2026-09-06T08:11:37.513+03:30 level=INFO msg="queued all pods for status check" worker=2 count=1
time=2026-09-06T08:11:37.514+03:30 level=INFO msg="checked pod" worker=1 pod=nginx-1 phase="" ready="" error="Get \"https://127.0.0.1:65123/api/v1/namespaces/pod-manager/pods/nginx-1\": dial tcp 127.0.0.1:65123: connect: connection refused"
time=2026-09-06T09:00:17.947+03:30 level=INFO msg="queued all pods for status check" worker=2 count=1
time=2026-09-06T09:00:17.949+03:30 level=INFO msg="checked pod" worker=1 pod=nginx-1 phase="" ready="" error="Get \"https://127.0.0.1:65123/api/v1/namespaces/pod-manager/pods/nginx-1\": dial tcp 127.0.0.1:65123: connect: connection refused"
time=2026-09-06T09:33:14.139+03:30 level=INFO msg="queued all pods for status check" worker=2 count=1
time=2026-09-06T09:33:14.140+03:30 level=INFO msg="checked pod" worker=1 pod=nginx-1 phase="" ready="" error="Get \"https://127.0.0.1:65123/api/v1/namespaces/pod-manager/pods/nginx-1\": dial tcp 127.0.0.1:65123: connect: connection refused"
time=2026-09-06T10:04:01.792+03:30 level=INFO msg="queued all pods for status check" worker=2 count=1
time=2026-09-06T10:04:01.792+03:30 level=INFO msg="checked pod" worker=1 pod=nginx-1 phase="" ready="" error="Get \"https://127.0.0.1:65123/api/v1/namespaces/pod-manager/pods/nginx-1\": dial tcp 127.0.0.1:65123: connect: connection refused"
time=2026-09-06T10:17:49.182+03:30 level=INFO msg="queued all pods for status check" worker=2 count=1
time=2026-09-06T10:17:49.184+03:30 level=INFO msg="checked pod" worker=1 pod=nginx-1 phase="" ready="" error="Get \"https://127.0.0.1:65123/api/v1/namespaces/pod-manager/pods/nginx-1\": dial tcp 127.0.0.1:65123: connect: connection refused"
time=2026-09-06T10:19:49.186+03:30 level=INFO msg="queued all pods for status check" worker=2 count=1
time=2026-09-06T10:19:49.189+03:30 level=INFO msg="checked pod" worker=1 pod=nginx-1 phase="" ready="" error="Get \"https://127.0.0.1:65123/api/v1/namespaces/pod-manager/pods/nginx-1\": dial tcp 127.0.0.1:65123: connect: connection refused"
time=2026-09-06T10:21:14.343+03:30 level=INFO msg="shutting down"
time=2026-09-06T10:21:14.344+03:30 level=INFO msg="worker stopped" worker=1
time=2026-09-06T10:21:14.344+03:30 level=INFO msg="worker stopped" worker=2
